[2026-06-15 11:14:07] Starting spider crawl at https://www.nike.com/w/mens-jordan-shoes-37eefznik1zy7ok with max_pages=3 and custom_fields=['name', 'price', 'description', 'ImageUrl', 'Color']
[2026-06-15 11:14:22] Extracted 114 chunks from https://www.nike.com/w/mens-jordan-shoes-37eefznik1zy7ok for record extraction
[2026-06-15 11:14:22] Extracting field 'name' from chunk for https://www.nike.com/w/mens-jordan-shoes-37eefznik1zy7ok
[2026-06-15 11:14:22] name -> "Jordan Trunner O/S Men's Shoes"
[2026-06-15 11:14:22] Extracting field 'price' from chunk for https://www.nike.com/w/mens-jordan-shoes-37eefznik1zy7ok
[2026-06-15 11:14:22] price -> '$115'
[2026-06-15 11:14:22] Extracting field 'description' from chunk for https://www.nike.com/w/mens-jordan-shoes-37eefznik1zy7ok
[2026-06-15 11:14:22] description -> ''
[2026-06-15 11:14:22] Extracting field 'ImageUrl' from chunk for https://www.nike.com/w/mens-jordan-shoes-37eefznik1zy7ok
[2026-06-15 11:14:22] ImageUrl -> "Just In Jordan Trunner O/S Men's Shoes $115"
[2026-06-15 11:14:22] Extracting field 'Color' from chunk for https://www.nike.com/w/mens-jordan-shoes-37eefznik1zy7ok
[2026-06-15 11:14:22] Color -> "Just In Jordan Trunner O/S Men's Shoes $115"
[2026-06-15 11:14:22] Extracting field 'name' from chunk for https://www.nike.com/w/mens-jordan-shoes-37eefznik1zy7ok
[2026-06-15 11:14:22] name -> 'Air Jordan 1 Retro Low OG "Phantom and Pine Green" Men\'s Shoes'
[2026-06-15 11:14:22] Extracting field 'price' from chunk for https://www.nike.com/w/mens-jordan-shoes-37eefznik1zy7ok
[2026-06-15 11:14:22] price -> '$150'
[2026-06-15 11:14:22] Extracting field 'description' from chunk for https://www.nike.com/w/mens-jordan-shoes-37eefznik1zy7ok
[2026-06-15 11:14:22] description -> ''
[2026-06-15 11:14:22] Extracting field 'ImageUrl' from chunk for https://www.nike.com/w/mens-jordan-shoes-37eefznik1zy7ok
[2026-06-15 11:14:22] ImageUrl -> ''
[2026-06-15 11:14:22] Extracting field 'Color' from chunk for https://www.nike.com/w/mens-jordan-shoes-37eefznik1zy7ok
[2026-06-15 11:14:22] Color -> 'Just In'
[2026-06-15 11:14:22] Extracting field 'name' from chunk for https://www.nike.com/w/mens-jordan-shoes-37eefznik1zy7ok
[2026-06-15 11:14:22] name -> "Jordan Sixty Plus Low Men's Shoes"
[2026-06-15 11:14:22] Extracting field 'price' from chunk for https://www.nike.com/w/mens-jordan-shoes-37eefznik1zy7ok
[2026-06-15 11:14:22] price -> '$160'
[2026-06-15 11:14:22] Extracting field 'description' from chunk for https://www.nike.com/w/mens-jordan-shoes-37eefznik1zy7ok
[2026-06-15 11:14:22] description -> ''
[2026-06-15 11:14:22] Extracting field 'ImageUrl' from chunk for https://www.nike.com/w/mens-jordan-shoes-37eefznik1zy7ok
[2026-06-15 11:14:22] ImageUrl -> "Best Seller Jordan Sixty Plus Low Men's Shoes $160"
[2026-06-15 11:14:22] Extracting field 'Color' from chunk for https://www.nike.com/w/mens-jordan-shoes-37eefznik1zy7ok
[2026-06-15 11:14:22] Color -> "Best Seller Jordan Sixty Plus Low Men's Shoes $160"
[2026-06-15 11:14:22] Extracting field 'name' from chunk for https://www.nike.com/w/mens-jordan-shoes-37eefznik1zy7ok
[2026-06-15 11:14:22] name -> "Jordan Trunner Flow Men's Shoes"
[2026-06-15 11:14:22] Extracting field 'price' from chunk for https://www.nike.com/w/mens-jordan-shoes-37eefznik1zy7ok
[2026-06-15 11:14:22] price -> '$95'
[2026-06-15 11:14:22] Extracting field 'description' from chunk for https://www.nike.com/w/mens-jordan-shoes-37eefznik1zy7ok
[2026-06-15 11:14:22] description -> ''
[2026-06-15 11:14:22] Extracting field 'ImageUrl' from chunk for https://www.nike.com/w/mens-jordan-shoes-37eefznik1zy7ok
[2026-06-15 11:14:22] ImageUrl -> "Jordan Trunner Flow Men's Shoes $95"
[2026-06-15 11:14:22] Extracting field 'Color' from chunk for https://www.nike.com/w/mens-jordan-shoes-37eefznik1zy7ok
[2026-06-15 11:14:22] Color -> "Jordan Trunner Flow Men's Shoes $95"
[2026-06-15 11:14:22] Extracting field 'name' from chunk for https://www.nike.com/w/mens-jordan-shoes-37eefznik1zy7ok
[2026-06-15 11:14:22] name -> 'Air Jordan 4 "Toro" Men\'s Shoes'
[2026-06-15 11:14:22] Extracting field 'price' from chunk for https://www.nike.com/w/mens-jordan-shoes-37eefznik1zy7ok
[2026-06-15 11:14:22] price -> '$220'
[2026-06-15 11:14:22] Extracting field 'description' from chunk for https://www.nike.com/w/mens-jordan-shoes-37eefznik1zy7ok
[2026-06-15 11:14:22] description -> ''
[2026-06-15 11:14:22] Extracting field 'ImageUrl' from chunk for https://www.nike.com/w/mens-jordan-shoes-37eefznik1zy7ok
[2026-06-15 11:14:22] ImageUrl -> ''
[2026-06-15 11:14:22] Extracting field 'Color' from chunk for https://www.nike.com/w/mens-jordan-shoes-37eefznik1zy7ok
[2026-06-15 11:14:22] Color -> ''
[2026-06-15 11:14:22] Extracting field 'name' from chunk for https://www.nike.com/w/mens-jordan-shoes-37eefznik1zy7ok
[2026-06-15 11:14:22] name -> 'Air Jordan 5 "Black Carolina" Men\'s Shoes'
[2026-06-15 11:14:22] Extracting field 'price' from chunk for https://www.nike.com/w/mens-jordan-shoes-37eefznik1zy7ok
[2026-06-15 11:14:22] price -> '$220'
[2026-06-15 11:14:22] Extracting field 'description' from chunk for https://www.nike.com/w/mens-jordan-shoes-37eefznik1zy7ok
[2026-06-15 11:14:22] description -> ''
[2026-06-15 11:14:22] Extracting field 'ImageUrl' from chunk for https://www.nike.com/w/mens-jordan-shoes-37eefznik1zy7ok
[2026-06-15 11:14:22] ImageUrl -> ''
[2026-06-15 11:14:22] Extracting field 'Color' from chunk for https://www.nike.com/w/mens-jordan-shoes-37eefznik1zy7ok
[2026-06-15 11:14:22] Color -> 'Coming Soon'
[2026-06-15 11:14:22] Extracting field 'name' from chunk for https://www.nike.com/w/mens-jordan-shoes-37eefznik1zy7ok
[2026-06-15 11:14:22] name -> 'Luka 5 "Slovenian Glow" Basketball Shoes'
[2026-06-15 11:14:22] Extracting field 'price' from chunk for https://www.nike.com/w/mens-jordan-shoes-37eefznik1zy7ok
[2026-06-15 11:14:22] price -> '$135'
[2026-06-15 11:14:22] Extracting field 'description' from chunk for https://www.nike.com/w/mens-jordan-shoes-37eefznik1zy7ok
[2026-06-15 11:14:22] description -> ''
[2026-06-15 11:14:22] Extracting field 'ImageUrl' from chunk for https://www.nike.com/w/mens-jordan-shoes-37eefznik1zy7ok
[2026-06-15 11:14:22] ImageUrl -> ''
[2026-06-15 11:14:22] Extracting field 'Color' from chunk for https://www.nike.com/w/mens-jordan-shoes-37eefznik1zy7ok
[2026-06-15 11:14:22] Color -> ''
[2026-06-15 11:14:22] Extracting field 'name' from chunk for https://www.nike.com/w/mens-jordan-shoes-37eefznik1zy7ok
[2026-06-15 11:14:22] name -> 'Jordan Tiempo Maestro Elite SE Firm-Ground Low-Top Soccer Cleats'
[2026-06-15 11:14:22] Extracting field 'price' from chunk for https://www.nike.com/w/mens-jordan-shoes-37eefznik1zy7ok
[2026-06-15 11:14:22] price -> '$275'
[2026-06-15 11:14:22] Extracting field 'description' from chunk for https://www.nike.com/w/mens-jordan-shoes-37eefznik1zy7ok
[2026-06-15 11:14:22] description -> ''
[2026-06-15 11:14:22] Extracting field 'ImageUrl' from chunk for https://www.nike.com/w/mens-jordan-shoes-37eefznik1zy7ok
[2026-06-15 11:14:22] ImageUrl -> 'Jordan Tiempo Maestro Elite SE Firm-Ground Low-Top Soccer Cleats $275'
[2026-06-15 11:14:22] Extracting field 'Color' from chunk for https://www.nike.com/w/mens-jordan-shoes-37eefznik1zy7ok
[2026-06-15 11:14:22] Color -> 'Jordan Tiempo Maestro Elite SE Firm-Ground Low-Top Soccer Cleats $275'
[2026-06-15 11:14:22] Extracting field 'name' from chunk for https://www.nike.com/w/mens-jordan-shoes-37eefznik1zy7ok
[2026-06-15 11:14:22] name -> 'Jordan Tiempo Streetgato SE Indoor/Court Low-Top Soccer Shoes'
[2026-06-15 11:14:22] Extracting field 'price' from chunk for https://www.nike.com/w/mens-jordan-shoes-37eefznik1zy7ok
[2026-06-15 11:14:22] price -> '$125'
[2026-06-15 11:14:22] Extracting field 'description' from chunk for https://www.nike.com/w/mens-jordan-shoes-37eefznik1zy7ok
[2026-06-15 11:14:22] description -> ''
[2026-06-15 11:14:22] Extracting field 'ImageUrl' from chunk for https://www.nike.com/w/mens-jordan-shoes-37eefznik1zy7ok
[2026-06-15 11:14:22] ImageUrl -> ''
[2026-06-15 11:14:22] Extracting field 'Color' from chunk for https://www.nike.com/w/mens-jordan-shoes-37eefznik1zy7ok
[2026-06-15 11:14:22] Color -> ''
[2026-06-15 11:14:22] Extracting field 'name' from chunk for https://www.nike.com/w/mens-jordan-shoes-37eefznik1zy7ok
[2026-06-15 11:14:22] name -> 'Air Jordan 3 "World\'s Best" Men\'s Shoes'
[2026-06-15 11:14:22] Extracting field 'price' from chunk for https://www.nike.com/w/mens-jordan-shoes-37eefznik1zy7ok
[2026-06-15 11:14:22] price -> '$215'
[2026-06-15 11:14:22] Extracting field 'description' from chunk for https://www.nike.com/w/mens-jordan-shoes-37eefznik1zy7ok
[2026-06-15 11:14:22] description -> ''
[2026-06-15 11:14:22] Extracting field 'ImageUrl' from chunk for https://www.nike.com/w/mens-jordan-shoes-37eefznik1zy7ok
[2026-06-15 11:14:22] ImageUrl -> ''
[2026-06-15 11:14:22] Extracting field 'Color' from chunk for https://www.nike.com/w/mens-jordan-shoes-37eefznik1zy7ok
[2026-06-15 11:14:22] Color -> ''
[2026-06-15 11:14:22] Extracting field 'name' from chunk for https://www.nike.com/w/mens-jordan-shoes-37eefznik1zy7ok
[2026-06-15 11:14:22] name -> "Jordan Legacy 312 Low TD Men's Shoes"
[2026-06-15 11:14:22] Extracting field 'price' from chunk for https://www.nike.com/w/mens-jordan-shoes-37eefznik1zy7ok
[2026-06-15 11:14:22] price -> '$135'
[2026-06-15 11:14:22] Extracting field 'description' from chunk for https://www.nike.com/w/mens-jordan-shoes-37eefznik1zy7ok
[2026-06-15 11:14:22] description -> ''
[2026-06-15 11:14:22] Extracting field 'ImageUrl' from chunk for https://www.nike.com/w/mens-jordan-shoes-37eefznik1zy7ok
[2026-06-15 11:14:22] ImageUrl -> "Jordan Legacy 312 Low TD Men's Shoes $135 See Price in Bag"
[2026-06-15 11:14:22] Extracting field 'Color' from chunk for https://www.nike.com/w/mens-jordan-shoes-37eefznik1zy7ok
[2026-06-15 11:14:22] Color -> "Jordan Legacy 312 Low TD Men's Shoes $135 See Price in Bag"
[2026-06-15 11:14:22] Extracting field 'name' from chunk for https://www.nike.com/w/mens-jordan-shoes-37eefznik1zy7ok
[2026-06-15 11:14:22] name -> "Air Jordan 1 Low SE Men's Shoes"
[2026-06-15 11:14:22] Extracting field 'price' from chunk for https://www.nike.com/w/mens-jordan-shoes-37eefznik1zy7ok
[2026-06-15 11:14:22] price -> '$130'
[2026-06-15 11:14:22] Extracting field 'description' from chunk for https://www.nike.com/w/mens-jordan-shoes-37eefznik1zy7ok
[2026-06-15 11:14:22] description -> ''
[2026-06-15 11:14:22] Extracting field 'ImageUrl' from chunk for https://www.nike.com/w/mens-jordan-shoes-37eefznik1zy7ok
[2026-06-15 11:14:22] ImageUrl -> "Best Seller Air Jordan 1 Low SE Men's Shoes $130"
[2026-06-15 11:14:22] Extracting field 'Color' from chunk for https://www.nike.com/w/mens-jordan-shoes-37eefznik1zy7ok
[2026-06-15 11:14:22] Color -> "Best Seller Air Jordan 1 Low SE Men's Shoes $130"
[2026-06-15 11:14:22] Extracting field 'name' from chunk for https://www.nike.com/w/mens-jordan-shoes-37eefznik1zy7ok
[2026-06-15 11:14:22] name -> 'Jordan Triangle Basketball Shoes'
[2026-06-15 11:14:22] Extracting field 'price' from chunk for https://www.nike.com/w/mens-jordan-shoes-37eefznik1zy7ok
[2026-06-15 11:14:22] price -> '$145'
[2026-06-15 11:14:22] Extracting field 'description' from chunk for https://www.nike.com/w/mens-jordan-shoes-37eefznik1zy7ok
[2026-06-15 11:14:22] description -> ''
[2026-06-15 11:14:22] Extracting field 'ImageUrl' from chunk for https://www.nike.com/w/mens-jordan-shoes-37eefznik1zy7ok
[2026-06-15 11:14:22] ImageUrl -> 'Coming Soon Jordan Triangle Basketball Shoes $145'
[2026-06-15 11:14:22] Extracting field 'Color' from chunk for https://www.nike.com/w/mens-jordan-shoes-37eefznik1zy7ok
[2026-06-15 11:14:22] Color -> 'Coming Soon Jordan Triangle Basketball Shoes $145'
[2026-06-15 11:14:22] Extracting field 'name' from chunk for https://www.nike.com/w/mens-jordan-shoes-37eefznik1zy7ok
[2026-06-15 11:14:22] name -> "Air Jordan 1 Low Men's Shoes"
[2026-06-15 11:14:22] Extracting field 'price' from chunk for https://www.nike.com/w/mens-jordan-shoes-37eefznik1zy7ok
[2026-06-15 11:14:22] price -> '$120'
[2026-06-15 11:14:22] Extracting field 'description' from chunk for https://www.nike.com/w/mens-jordan-shoes-37eefznik1zy7ok
[2026-06-15 11:14:22] description -> ''
[2026-06-15 11:14:22] Extracting field 'ImageUrl' from chunk for https://www.nike.com/w/mens-jordan-shoes-37eefznik1zy7ok
[2026-06-15 11:14:22] ImageUrl -> "Air Jordan 1 Low Men's Shoes $120"
[2026-06-15 11:14:22] Extracting field 'Color' from chunk for https://www.nike.com/w/mens-jordan-shoes-37eefznik1zy7ok
[2026-06-15 11:14:22] Color -> "Air Jordan 1 Low Men's Shoes $120"
[2026-06-15 11:14:22] Extracting field 'name' from chunk for https://www.nike.com/w/mens-jordan-shoes-37eefznik1zy7ok
[2026-06-15 11:14:22] name -> "Air Jordan 1 Low EasyOn Men's Shoes"
[2026-06-15 11:14:22] Extracting field 'price' from chunk for https://www.nike.com/w/mens-jordan-shoes-37eefznik1zy7ok
[2026-06-15 11:14:22] price -> '$135'
[2026-06-15 11:14:22] Extracting field 'description' from chunk for https://www.nike.com/w/mens-jordan-shoes-37eefznik1zy7ok
[2026-06-15 11:14:22] description -> ''
[2026-06-15 11:14:22] Extracting field 'ImageUrl' from chunk for https://www.nike.com/w/mens-jordan-shoes-37eefznik1zy7ok
[2026-06-15 11:14:22] ImageUrl -> ''
[2026-06-15 11:14:22] Extracting field 'Color' from chunk for https://www.nike.com/w/mens-jordan-shoes-37eefznik1zy7ok
[2026-06-15 11:14:22] Color -> ''
[2026-06-15 11:14:22] Extracting field 'name' from chunk for https://www.nike.com/w/mens-jordan-shoes-37eefznik1zy7ok
[2026-06-15 11:14:22] name -> 'Air Jordan 1 High OG "Khaki" Women\'s Shoes'
[2026-06-15 11:14:22] Extracting field 'price' from chunk for https://www.nike.com/w/mens-jordan-shoes-37eefznik1zy7ok
[2026-06-15 11:14:22] price -> '$185'
[2026-06-15 11:14:22] Extracting field 'description' from chunk for https://www.nike.com/w/mens-jordan-shoes-37eefznik1zy7ok
[2026-06-15 11:14:22] description -> ''
[2026-06-15 11:14:22] Extracting field 'ImageUrl' from chunk for https://www.nike.com/w/mens-jordan-shoes-37eefznik1zy7ok
[2026-06-15 11:14:22] ImageUrl -> 'Air Jordan 1 High OG "Khaki" Women\'s Shoes $185'
[2026-06-15 11:14:22] Extracting field 'Color' from chunk for https://www.nike.com/w/mens-jordan-shoes-37eefznik1zy7ok
[2026-06-15 11:14:22] Color -> 'Air Jordan 1 High OG "Khaki" Women\'s Shoes $185'
[2026-06-15 11:14:22] Extracting field 'name' from chunk for https://www.nike.com/w/mens-jordan-shoes-37eefznik1zy7ok
[2026-06-15 11:14:22] name -> "Jordan Spizike Low Women's Shoes"
[2026-06-15 11:14:22] Extracting field 'price' from chunk for https://www.nike.com/w/mens-jordan-shoes-37eefznik1zy7ok
[2026-06-15 11:14:22] price -> '$165'
[2026-06-15 11:14:22] Extracting field 'description' from chunk for https://www.nike.com/w/mens-jordan-shoes-37eefznik1zy7ok
[2026-06-15 11:14:22] description -> ''
[2026-06-15 11:14:22] Extracting field 'ImageUrl' from chunk for https://www.nike.com/w/mens-jordan-shoes-37eefznik1zy7ok
[2026-06-15 11:14:22] ImageUrl -> "Best Seller Jordan Spizike Low Women's Shoes $165"
[2026-06-15 11:14:22] Extracting field 'Color' from chunk for https://www.nike.com/w/mens-jordan-shoes-37eefznik1zy7ok
[2026-06-15 11:14:22] Color -> "Best Seller Jordan Spizike Low Women's Shoes $165"
[2026-06-15 11:14:22] Extracting field 'name' from chunk for https://www.nike.com/w/mens-jordan-shoes-37eefznik1zy7ok
[2026-06-15 11:14:22] name -> 'Jordan Spizike G Golf Shoes'
[2026-06-15 11:14:22] Extracting field 'price' from chunk for https://www.nike.com/w/mens-jordan-shoes-37eefznik1zy7ok
[2026-06-15 11:14:22] price -> '$195'
[2026-06-15 11:14:22] Extracting field 'description' from chunk for https://www.nike.com/w/mens-jordan-shoes-37eefznik1zy7ok
[2026-06-15 11:14:22] description -> ''
[2026-06-15 11:14:22] Extracting field 'ImageUrl' from chunk for https://www.nike.com/w/mens-jordan-shoes-37eefznik1zy7ok
[2026-06-15 11:14:22] ImageUrl -> 'Best Seller Jordan Spizike G Golf Shoes $195'
[2026-06-15 11:14:22] Extracting field 'Color' from chunk for https://www.nike.com/w/mens-jordan-shoes-37eefznik1zy7ok
[2026-06-15 11:14:22] Color -> 'Best Seller Jordan Spizike G Golf Shoes $195'
[2026-06-15 11:14:22] Extracting field 'name' from chunk for https://www.nike.com/w/mens-jordan-shoes-37eefznik1zy7ok
[2026-06-15 11:14:22] name -> 'Air Jordan 6 "Cap and Gown" Men\'s Shoes'
[2026-06-15 11:14:22] Extracting field 'price' from chunk for https://www.nike.com/w/mens-jordan-shoes-37eefznik1zy7ok
[2026-06-15 11:14:23] price -> '$215'
[2026-06-15 11:14:23] Extracting field 'description' from chunk for https://www.nike.com/w/mens-jordan-shoes-37eefznik1zy7ok
[2026-06-15 11:14:23] description -> ''
[2026-06-15 11:14:23] Extracting field 'ImageUrl' from chunk for https://www.nike.com/w/mens-jordan-shoes-37eefznik1zy7ok
[2026-06-15 11:14:23] ImageUrl -> ''
[2026-06-15 11:14:23] Extracting field 'Color' from chunk for https://www.nike.com/w/mens-jordan-shoes-37eefznik1zy7ok
[2026-06-15 11:14:23] Color -> 'Best Seller'
[2026-06-15 11:14:23] Extracting field 'name' from chunk for https://www.nike.com/w/mens-jordan-shoes-37eefznik1zy7ok
[2026-06-15 11:14:23] name -> 'Air Jordan 5 Retro OG "White Metallic" Men\'s Shoes'
[2026-06-15 11:14:23] Extracting field 'price' from chunk for https://www.nike.com/w/mens-jordan-shoes-37eefznik1zy7ok
[2026-06-15 11:14:23] price -> '$215'
[2026-06-15 11:14:23] Extracting field 'description' from chunk for https://www.nike.com/w/mens-jordan-shoes-37eefznik1zy7ok
[2026-06-15 11:14:23] description -> ''
[2026-06-15 11:14:23] Extracting field 'ImageUrl' from chunk for https://www.nike.com/w/mens-jordan-shoes-37eefznik1zy7ok
[2026-06-15 11:14:23] ImageUrl -> ''
[2026-06-15 11:14:23] Extracting field 'Color' from chunk for https://www.nike.com/w/mens-jordan-shoes-37eefznik1zy7ok
[2026-06-15 11:14:23] Color -> ''
[2026-06-15 11:14:23] Extracting field 'name' from chunk for https://www.nike.com/w/mens-jordan-shoes-37eefznik1zy7ok
[2026-06-15 11:14:23] name -> 'Air Jordan 3 Retro "White and Orange Peel" Women\'s Shoes'
[2026-06-15 11:14:23] Extracting field 'price' from chunk for https://www.nike.com/w/mens-jordan-shoes-37eefznik1zy7ok
[2026-06-15 11:14:23] price -> '$205'
[2026-06-15 11:14:23] Extracting field 'description' from chunk for https://www.nike.com/w/mens-jordan-shoes-37eefznik1zy7ok
[2026-06-15 11:14:23] description -> ''
[2026-06-15 11:14:23] Extracting field 'ImageUrl' from chunk for https://www.nike.com/w/mens-jordan-shoes-37eefznik1zy7ok
[2026-06-15 11:14:23] ImageUrl -> ''
[2026-06-15 11:14:23] Extracting field 'Color' from chunk for https://www.nike.com/w/mens-jordan-shoes-37eefznik1zy7ok
[2026-06-15 11:14:23] Color -> ''
[2026-06-15 11:14:23] Extracting field 'name' from chunk for https://www.nike.com/w/mens-jordan-shoes-37eefznik1zy7ok
[2026-06-15 11:14:23] name -> "Jordan Spizike Low Men's Shoes"
[2026-06-15 11:14:23] Extracting field 'price' from chunk for https://www.nike.com/w/mens-jordan-shoes-37eefznik1zy7ok
[2026-06-15 11:14:23] price -> '$165'
[2026-06-15 11:14:23] Extracting field 'description' from chunk for https://www.nike.com/w/mens-jordan-shoes-37eefznik1zy7ok
[2026-06-15 11:14:23] description -> ''
[2026-06-15 11:14:23] Extracting field 'ImageUrl' from chunk for https://www.nike.com/w/mens-jordan-shoes-37eefznik1zy7ok
[2026-06-15 11:14:23] ImageUrl -> "Best Seller Jordan Spizike Low Men's Shoes $165"
[2026-06-15 11:14:23] Extracting field 'Color' from chunk for https://www.nike.com/w/mens-jordan-shoes-37eefznik1zy7ok
[2026-06-15 11:14:23] Color -> "Best Seller Jordan Spizike Low Men's Shoes $165"
[2026-06-15 11:14:23] Extracting field 'name' from chunk for https://www.nike.com/w/mens-jordan-shoes-37eefznik1zy7ok
[2026-06-15 11:14:23] name -> "Air Jordan 1 Mid Men's Shoes"
[2026-06-15 11:14:23] Extracting field 'price' from chunk for https://www.nike.com/w/mens-jordan-shoes-37eefznik1zy7ok
[2026-06-15 11:14:23] price -> '$130'
[2026-06-15 11:14:23] Extracting field 'description' from chunk for https://www.nike.com/w/mens-jordan-shoes-37eefznik1zy7ok
[2026-06-15 11:14:23] description -> ''
[2026-06-15 11:14:23] Extracting field 'ImageUrl' from chunk for https://www.nike.com/w/mens-jordan-shoes-37eefznik1zy7ok
[2026-06-15 11:14:23] ImageUrl -> "Best Seller Air Jordan 1 Mid Men's Shoes $130"
[2026-06-15 11:14:23] Extracting field 'Color' from chunk for https://www.nike.com/w/mens-jordan-shoes-37eefznik1zy7ok
[2026-06-15 11:14:23] Color -> "Best Seller Air Jordan 1 Mid Men's Shoes $130"
[2026-06-15 11:14:23] Extracting field 'name' from chunk for https://www.nike.com/w/mens-jordan-shoes-37eefznik1zy7ok
[2026-06-15 11:14:23] name -> 'Air Jordan 4 Retro "Pearl Pink and Iced Carmine" Women\'s Shoe'
[2026-06-15 11:14:23] Extracting field 'price' from chunk for https://www.nike.com/w/mens-jordan-shoes-37eefznik1zy7ok
[2026-06-15 11:14:23] price -> '$220'
[2026-06-15 11:14:23] Extracting field 'description' from chunk for https://www.nike.com/w/mens-jordan-shoes-37eefznik1zy7ok
[2026-06-15 11:14:23] description -> ''
[2026-06-15 11:14:23] Extracting field 'ImageUrl' from chunk for https://www.nike.com/w/mens-jordan-shoes-37eefznik1zy7ok
[2026-06-15 11:14:23] ImageUrl -> ''
[2026-06-15 11:14:23] Extracting field 'Color' from chunk for https://www.nike.com/w/mens-jordan-shoes-37eefznik1zy7ok
[2026-06-15 11:14:23] Color -> 'See Price in Bag'
[2026-06-15 11:14:23] Extracting field 'name' from chunk for https://www.nike.com/w/mens-jordan-shoes-37eefznik1zy7ok
[2026-06-15 11:14:23] name -> "Jordan Son of Mars Low Men's Shoe"
[2026-06-15 11:14:23] Extracting field 'price' from chunk for https://www.nike.com/w/mens-jordan-shoes-37eefznik1zy7ok
[2026-06-15 11:14:23] price -> '$165'
[2026-06-15 11:14:23] Extracting field 'description' from chunk for https://www.nike.com/w/mens-jordan-shoes-37eefznik1zy7ok
[2026-06-15 11:14:23] description -> ''
[2026-06-15 11:14:23] Extracting field 'ImageUrl' from chunk for https://www.nike.com/w/mens-jordan-shoes-37eefznik1zy7ok
[2026-06-15 11:14:23] ImageUrl -> "Best Seller Jordan Son of Mars Low Men's Shoe $165"
[2026-06-15 11:14:23] Extracting field 'Color' from chunk for https://www.nike.com/w/mens-jordan-shoes-37eefznik1zy7ok
[2026-06-15 11:14:23] Color -> "Best Seller Jordan Son of Mars Low Men's Shoe $165"
[2026-06-15 11:14:23] Extracting field 'name' from chunk for https://www.nike.com/w/mens-jordan-shoes-37eefznik1zy7ok
[2026-06-15 11:14:23] name -> 'Air Jordan 11 Low "Mother\'s Day" Women\'s Shoes'
[2026-06-15 11:14:23] Extracting field 'price' from chunk for https://www.nike.com/w/mens-jordan-shoes-37eefznik1zy7ok
[2026-06-15 11:14:23] price -> '$195'
[2026-06-15 11:14:23] Extracting field 'description' from chunk for https://www.nike.com/w/mens-jordan-shoes-37eefznik1zy7ok
[2026-06-15 11:14:23] description -> ''
[2026-06-15 11:14:23] Extracting field 'ImageUrl' from chunk for https://www.nike.com/w/mens-jordan-shoes-37eefznik1zy7ok
[2026-06-15 11:14:23] ImageUrl -> ''
[2026-06-15 11:14:23] Extracting field 'Color' from chunk for https://www.nike.com/w/mens-jordan-shoes-37eefznik1zy7ok
[2026-06-15 11:14:23] Color -> ''
[2026-06-15 11:14:23] Extracting field 'name' from chunk for https://www.nike.com/w/mens-jordan-shoes-37eefznik1zy7ok
[2026-06-15 11:14:23] name -> "Jordan Spizike Low SE Men's Shoes"
[2026-06-15 11:14:23] Extracting field 'price' from chunk for https://www.nike.com/w/mens-jordan-shoes-37eefznik1zy7ok
[2026-06-15 11:14:23] price -> '$165'
[2026-06-15 11:14:23] Extracting field 'description' from chunk for https://www.nike.com/w/mens-jordan-shoes-37eefznik1zy7ok
[2026-06-15 11:14:23] description -> ''
[2026-06-15 11:14:23] Extracting field 'ImageUrl' from chunk for https://www.nike.com/w/mens-jordan-shoes-37eefznik1zy7ok
[2026-06-15 11:14:23] ImageUrl -> ''
[2026-06-15 11:14:23] Extracting field 'Color' from chunk for https://www.nike.com/w/mens-jordan-shoes-37eefznik1zy7ok
[2026-06-15 11:14:23] Color -> 'Best Seller'
[2026-06-15 11:14:23] Extracting field 'name' from chunk for https://www.nike.com/w/mens-jordan-shoes-37eefznik1zy7ok
[2026-06-15 11:14:23] name -> "Air Jordan 1 Mid SE Men's Shoes"
[2026-06-15 11:14:23] Extracting field 'price' from chunk for https://www.nike.com/w/mens-jordan-shoes-37eefznik1zy7ok
[2026-06-15 11:14:23] price -> '$140'
[2026-06-15 11:14:23] Extracting field 'description' from chunk for https://www.nike.com/w/mens-jordan-shoes-37eefznik1zy7ok
[2026-06-15 11:14:23] description -> ''
[2026-06-15 11:14:23] Extracting field 'ImageUrl' from chunk for https://www.nike.com/w/mens-jordan-shoes-37eefznik1zy7ok
[2026-06-15 11:14:23] ImageUrl -> "Air Jordan 1 Mid SE Men's Shoes $140"
[2026-06-15 11:14:23] Extracting field 'Color' from chunk for https://www.nike.com/w/mens-jordan-shoes-37eefznik1zy7ok
[2026-06-15 11:14:23] Color -> "Air Jordan 1 Mid SE Men's Shoes $140"
[2026-06-15 11:14:23] Extracting field 'name' from chunk for https://www.nike.com/w/mens-jordan-shoes-37eefznik1zy7ok
[2026-06-15 11:14:23] name -> 'Air Jordan 11 Retro Low "University Blue" Men\'s Shoes'
[2026-06-15 11:14:23] Extracting field 'price' from chunk for https://www.nike.com/w/mens-jordan-shoes-37eefznik1zy7ok
[2026-06-15 11:14:23] price -> '$195'
[2026-06-15 11:14:23] Extracting field 'description' from chunk for https://www.nike.com/w/mens-jordan-shoes-37eefznik1zy7ok
[2026-06-15 11:14:23] description -> ''
[2026-06-15 11:14:23] Extracting field 'ImageUrl' from chunk for https://www.nike.com/w/mens-jordan-shoes-37eefznik1zy7ok
[2026-06-15 11:14:23] ImageUrl -> ''
[2026-06-15 11:14:23] Extracting field 'Color' from chunk for https://www.nike.com/w/mens-jordan-shoes-37eefznik1zy7ok
[2026-06-15 11:14:23] Color -> ''
[2026-06-15 11:14:23] Extracting field 'name' from chunk for https://www.nike.com/w/mens-jordan-shoes-37eefznik1zy7ok
[2026-06-15 11:14:23] name -> 'Luka 5 Basketball Shoes'
[2026-06-15 11:14:23] Extracting field 'price' from chunk for https://www.nike.com/w/mens-jordan-shoes-37eefznik1zy7ok
[2026-06-15 11:14:23] price -> '$135'
[2026-06-15 11:14:23] Extracting field 'description' from chunk for https://www.nike.com/w/mens-jordan-shoes-37eefznik1zy7ok
[2026-06-15 11:14:23] description -> ''
[2026-06-15 11:14:23] Extracting field 'ImageUrl' from chunk for https://www.nike.com/w/mens-jordan-shoes-37eefznik1zy7ok
[2026-06-15 11:14:23] ImageUrl -> ''
[2026-06-15 11:14:23] Extracting field 'Color' from chunk for https://www.nike.com/w/mens-jordan-shoes-37eefznik1zy7ok
[2026-06-15 11:14:23] Color -> 'See Price in Bag'
[2026-06-15 11:14:23] Extracting field 'name' from chunk for https://www.nike.com/w/mens-jordan-shoes-37eefznik1zy7ok
[2026-06-15 11:14:23] name -> "Air Jordan 1 Low Men's Shoes"
[2026-06-15 11:14:23] Extracting field 'price' from chunk for https://www.nike.com/w/mens-jordan-shoes-37eefznik1zy7ok
[2026-06-15 11:14:23] price -> '$115'
[2026-06-15 11:14:23] Extracting field 'description' from chunk for https://www.nike.com/w/mens-jordan-shoes-37eefznik1zy7ok
[2026-06-15 11:14:23] description -> ''
[2026-06-15 11:14:23] Extracting field 'ImageUrl' from chunk for https://www.nike.com/w/mens-jordan-shoes-37eefznik1zy7ok
[2026-06-15 11:14:23] ImageUrl -> ''
[2026-06-15 11:14:23] Extracting field 'Color' from chunk for https://www.nike.com/w/mens-jordan-shoes-37eefznik1zy7ok
[2026-06-15 11:14:23] Color -> ''
[2026-06-15 11:14:23] Extracting field 'name' from chunk for https://www.nike.com/w/mens-jordan-shoes-37eefznik1zy7ok
[2026-06-15 11:14:23] name -> "Air Jordan 1 Retro High OG Flight Club Men's Shoes"
[2026-06-15 11:14:23] Extracting field 'price' from chunk for https://www.nike.com/w/mens-jordan-shoes-37eefznik1zy7ok
[2026-06-15 11:14:23] price -> '$185'
[2026-06-15 11:14:23] Extracting field 'description' from chunk for https://www.nike.com/w/mens-jordan-shoes-37eefznik1zy7ok
[2026-06-15 11:14:23] description -> ''
[2026-06-15 11:14:23] Extracting field 'ImageUrl' from chunk for https://www.nike.com/w/mens-jordan-shoes-37eefznik1zy7ok
[2026-06-15 11:14:23] ImageUrl -> ''
[2026-06-15 11:14:23] Extracting field 'Color' from chunk for https://www.nike.com/w/mens-jordan-shoes-37eefznik1zy7ok
[2026-06-15 11:14:23] Color -> ''
[2026-06-15 11:14:23] Extracting field 'name' from chunk for https://www.nike.com/w/mens-jordan-shoes-37eefznik1zy7ok
[2026-06-15 11:14:23] name -> 'Air Jordan 17 x Doernbecher Freestyle "Zach" Men\'s Shoes'
[2026-06-15 11:14:23] Extracting field 'price' from chunk for https://www.nike.com/w/mens-jordan-shoes-37eefznik1zy7ok
[2026-06-15 11:14:23] price -> '$230'
[2026-06-15 11:14:23] Extracting field 'description' from chunk for https://www.nike.com/w/mens-jordan-shoes-37eefznik1zy7ok
[2026-06-15 11:14:23] description -> ''
[2026-06-15 11:14:23] Extracting field 'ImageUrl' from chunk for https://www.nike.com/w/mens-jordan-shoes-37eefznik1zy7ok
[2026-06-15 11:14:23] ImageUrl -> ''
[2026-06-15 11:14:23] Extracting field 'Color' from chunk for https://www.nike.com/w/mens-jordan-shoes-37eefznik1zy7ok
[2026-06-15 11:14:23] Color -> ''
[2026-06-15 11:14:23] Extracting field 'name' from chunk for https://www.nike.com/w/mens-jordan-shoes-37eefznik1zy7ok
[2026-06-15 11:14:23] name -> "Air Jordan MVP 92 Men's Shoes"
[2026-06-15 11:14:23] Extracting field 'price' from chunk for https://www.nike.com/w/mens-jordan-shoes-37eefznik1zy7ok
[2026-06-15 11:14:23] price -> '$82.97 $145 42% off'
[2026-06-15 11:14:23] Extracting field 'description' from chunk for https://www.nike.com/w/mens-jordan-shoes-37eefznik1zy7ok
[2026-06-15 11:14:23] description -> ''
[2026-06-15 11:14:23] Extracting field 'ImageUrl' from chunk for https://www.nike.com/w/mens-jordan-shoes-37eefznik1zy7ok
[2026-06-15 11:14:23] ImageUrl -> "Best Seller Air Jordan MVP 92 Men's Shoes $82.97 $145 42% off"
[2026-06-15 11:14:23] Extracting field 'Color' from chunk for https://www.nike.com/w/mens-jordan-shoes-37eefznik1zy7ok
[2026-06-15 11:14:23] Color -> "Best Seller Air Jordan MVP 92 Men's Shoes $82.97 $145 42% off"
[2026-06-15 11:14:23] Extracting field 'name' from chunk for https://www.nike.com/w/mens-jordan-shoes-37eefznik1zy7ok
[2026-06-15 11:14:23] name -> 'Air Jordan 1 Retro Low OG "Banned" Men\'s Shoes'
[2026-06-15 11:14:23] Extracting field 'price' from chunk for https://www.nike.com/w/mens-jordan-shoes-37eefznik1zy7ok
[2026-06-15 11:14:23] price -> '$145'
[2026-06-15 11:14:23] Extracting field 'description' from chunk for https://www.nike.com/w/mens-jordan-shoes-37eefznik1zy7ok
[2026-06-15 11:14:23] description -> ''
[2026-06-15 11:14:23] Extracting field 'ImageUrl' from chunk for https://www.nike.com/w/mens-jordan-shoes-37eefznik1zy7ok
[2026-06-15 11:14:23] ImageUrl -> ''
[2026-06-15 11:14:23] Extracting field 'Color' from chunk for https://www.nike.com/w/mens-jordan-shoes-37eefznik1zy7ok
[2026-06-15 11:14:23] Color -> ''
[2026-06-15 11:14:23] Extracting field 'name' from chunk for https://www.nike.com/w/mens-jordan-shoes-37eefznik1zy7ok
[2026-06-15 11:14:23] name -> 'Luka 77 Basketball Shoes'
[2026-06-15 11:14:23] Extracting field 'price' from chunk for https://www.nike.com/w/mens-jordan-shoes-37eefznik1zy7ok
[2026-06-15 11:14:23] price -> '$105'
[2026-06-15 11:14:23] Extracting field 'description' from chunk for https://www.nike.com/w/mens-jordan-shoes-37eefznik1zy7ok
[2026-06-15 11:14:23] description -> ''
[2026-06-15 11:14:23] Extracting field 'ImageUrl' from chunk for https://www.nike.com/w/mens-jordan-shoes-37eefznik1zy7ok
[2026-06-15 11:14:23] ImageUrl -> 'Best Seller Luka 77 Basketball Shoes $105 Extra 20% w/ SUMMER'
[2026-06-15 11:14:23] Extracting field 'Color' from chunk for https://www.nike.com/w/mens-jordan-shoes-37eefznik1zy7ok
[2026-06-15 11:14:23] Color -> 'Best Seller Luka 77 Basketball Shoes $105 Extra 20% w/ SUMMER'
[2026-06-15 11:14:23] Extracting field 'name' from chunk for https://www.nike.com/w/mens-jordan-shoes-37eefznik1zy7ok
[2026-06-15 11:14:23] name -> "Air Jordan Skyline Low Men's Shoes"
[2026-06-15 11:14:23] Extracting field 'price' from chunk for https://www.nike.com/w/mens-jordan-shoes-37eefznik1zy7ok
[2026-06-15 11:14:23] price -> '$100'
[2026-06-15 11:14:23] Extracting field 'description' from chunk for https://www.nike.com/w/mens-jordan-shoes-37eefznik1zy7ok
[2026-06-15 11:14:23] description -> ''
[2026-06-15 11:14:23] Extracting field 'ImageUrl' from chunk for https://www.nike.com/w/mens-jordan-shoes-37eefznik1zy7ok
[2026-06-15 11:14:23] ImageUrl -> "Best Seller Air Jordan Skyline Low Men's Shoes $100"
[2026-06-15 11:14:23] Extracting field 'Color' from chunk for https://www.nike.com/w/mens-jordan-shoes-37eefznik1zy7ok
[2026-06-15 11:14:23] Color -> "Best Seller Air Jordan Skyline Low Men's Shoes $100"
[2026-06-15 11:14:23] Extracting field 'name' from chunk for https://www.nike.com/w/mens-jordan-shoes-37eefznik1zy7ok
[2026-06-15 11:14:23] name -> 'Air Jordan 1 Low G Golf Shoes'
[2026-06-15 11:14:23] Extracting field 'price' from chunk for https://www.nike.com/w/mens-jordan-shoes-37eefznik1zy7ok
[2026-06-15 11:14:23] price -> '$155'
[2026-06-15 11:14:23] Extracting field 'description' from chunk for https://www.nike.com/w/mens-jordan-shoes-37eefznik1zy7ok
[2026-06-15 11:14:23] description -> ''
[2026-06-15 11:14:23] Extracting field 'ImageUrl' from chunk for https://www.nike.com/w/mens-jordan-shoes-37eefznik1zy7ok
[2026-06-15 11:14:23] ImageUrl -> 'Best Seller Air Jordan 1 Low G Golf Shoes $155 See Price in Bag'
[2026-06-15 11:14:23] Extracting field 'Color' from chunk for https://www.nike.com/w/mens-jordan-shoes-37eefznik1zy7ok
[2026-06-15 11:14:23] Color -> 'Best Seller Air Jordan 1 Low G Golf Shoes $155 See Price in Bag'
[2026-06-15 11:14:23] Extracting field 'name' from chunk for https://www.nike.com/w/mens-jordan-shoes-37eefznik1zy7ok
[2026-06-15 11:14:23] name -> 'Air Jordan 1 Mid Shoes'
[2026-06-15 11:14:23] Extracting field 'price' from chunk for https://www.nike.com/w/mens-jordan-shoes-37eefznik1zy7ok
[2026-06-15 11:14:23] price -> '$130'
[2026-06-15 11:14:23] Extracting field 'description' from chunk for https://www.nike.com/w/mens-jordan-shoes-37eefznik1zy7ok
[2026-06-15 11:14:23] description -> ''
[2026-06-15 11:14:23] Extracting field 'ImageUrl' from chunk for https://www.nike.com/w/mens-jordan-shoes-37eefznik1zy7ok
[2026-06-15 11:14:23] ImageUrl -> ''
[2026-06-15 11:14:23] Extracting field 'Color' from chunk for https://www.nike.com/w/mens-jordan-shoes-37eefznik1zy7ok
[2026-06-15 11:14:23] Color -> ''
[2026-06-15 11:14:23] Extracting field 'name' from chunk for https://www.nike.com/w/mens-jordan-shoes-37eefznik1zy7ok
[2026-06-15 11:14:23] name -> 'Air Jordan Mule Golf Shoes'
[2026-06-15 11:14:23] Extracting field 'price' from chunk for https://www.nike.com/w/mens-jordan-shoes-37eefznik1zy7ok
[2026-06-15 11:14:23] price -> '$115'
[2026-06-15 11:14:23] Extracting field 'description' from chunk for https://www.nike.com/w/mens-jordan-shoes-37eefznik1zy7ok
[2026-06-15 11:14:23] description -> ''
[2026-06-15 11:14:23] Extracting field 'ImageUrl' from chunk for https://www.nike.com/w/mens-jordan-shoes-37eefznik1zy7ok
[2026-06-15 11:14:23] ImageUrl -> 'Best Seller Air Jordan Mule Golf Shoes $115 Extra 20% w/ SUMMER'
[2026-06-15 11:14:23] Extracting field 'Color' from chunk for https://www.nike.com/w/mens-jordan-shoes-37eefznik1zy7ok
[2026-06-15 11:14:23] Color -> 'Best Seller Air Jordan Mule Golf Shoes $115 Extra 20% w/ SUMMER'
[2026-06-15 11:14:23] Extracting field 'name' from chunk for https://www.nike.com/w/mens-jordan-shoes-37eefznik1zy7ok
[2026-06-15 11:14:23] name -> "Air Jordan 1 Low Women's Shoes"
[2026-06-15 11:14:23] Extracting field 'price' from chunk for https://www.nike.com/w/mens-jordan-shoes-37eefznik1zy7ok
[2026-06-15 11:14:23] price -> '$120'
[2026-06-15 11:14:23] Extracting field 'description' from chunk for https://www.nike.com/w/mens-jordan-shoes-37eefznik1zy7ok
[2026-06-15 11:14:23] description -> ''
[2026-06-15 11:14:23] Extracting field 'ImageUrl' from chunk for https://www.nike.com/w/mens-jordan-shoes-37eefznik1zy7ok
[2026-06-15 11:14:23] ImageUrl -> "Best Seller Air Jordan 1 Low Women's Shoes $120"
[2026-06-15 11:14:23] Extracting field 'Color' from chunk for https://www.nike.com/w/mens-jordan-shoes-37eefznik1zy7ok
[2026-06-15 11:14:23] Color -> "Best Seller Air Jordan 1 Low Women's Shoes $120"
[2026-06-15 11:14:23] Extracting field 'name' from chunk for https://www.nike.com/w/mens-jordan-shoes-37eefznik1zy7ok
[2026-06-15 11:14:23] name -> "Air Jordan 1 Mid Women's Shoes"
[2026-06-15 11:14:23] Extracting field 'price' from chunk for https://www.nike.com/w/mens-jordan-shoes-37eefznik1zy7ok
[2026-06-15 11:14:23] price -> '$130'
[2026-06-15 11:14:23] Extracting field 'description' from chunk for https://www.nike.com/w/mens-jordan-shoes-37eefznik1zy7ok
[2026-06-15 11:14:23] description -> ''
[2026-06-15 11:14:23] Extracting field 'ImageUrl' from chunk for https://www.nike.com/w/mens-jordan-shoes-37eefznik1zy7ok
[2026-06-15 11:14:23] ImageUrl -> "Air Jordan 1 Mid Women's Shoes $130"
[2026-06-15 11:14:23] Extracting field 'Color' from chunk for https://www.nike.com/w/mens-jordan-shoes-37eefznik1zy7ok
[2026-06-15 11:14:23] Color -> "Air Jordan 1 Mid Women's Shoes $130"
[2026-06-15 11:14:23] Extracting field 'name' from chunk for https://www.nike.com/w/mens-jordan-shoes-37eefznik1zy7ok
[2026-06-15 11:14:23] name -> 'Jordan Franchise Slides'
[2026-06-15 11:14:23] Extracting field 'price' from chunk for https://www.nike.com/w/mens-jordan-shoes-37eefznik1zy7ok
[2026-06-15 11:14:23] price -> '$35'
[2026-06-15 11:14:23] Extracting field 'description' from chunk for https://www.nike.com/w/mens-jordan-shoes-37eefznik1zy7ok
[2026-06-15 11:14:23] description -> ''
[2026-06-15 11:14:23] Extracting field 'ImageUrl' from chunk for https://www.nike.com/w/mens-jordan-shoes-37eefznik1zy7ok
[2026-06-15 11:14:23] ImageUrl -> 'Best Seller Jordan Franchise Slides $35'
[2026-06-15 11:14:23] Extracting field 'Color' from chunk for https://www.nike.com/w/mens-jordan-shoes-37eefznik1zy7ok
[2026-06-15 11:14:23] Color -> 'Best Seller Jordan Franchise Slides $35'
[2026-06-15 11:14:23] Extracting field 'name' from chunk for https://www.nike.com/w/mens-jordan-shoes-37eefznik1zy7ok
[2026-06-15 11:14:23] name -> 'Jordan Hydro VI Retro Slides'
[2026-06-15 11:14:23] Extracting field 'price' from chunk for https://www.nike.com/w/mens-jordan-shoes-37eefznik1zy7ok
[2026-06-15 11:14:23] price -> '$70'
[2026-06-15 11:14:23] Extracting field 'description' from chunk for https://www.nike.com/w/mens-jordan-shoes-37eefznik1zy7ok
[2026-06-15 11:14:23] description -> ''
[2026-06-15 11:14:23] Extracting field 'ImageUrl' from chunk for https://www.nike.com/w/mens-jordan-shoes-37eefznik1zy7ok
[2026-06-15 11:14:23] ImageUrl -> ''
[2026-06-15 11:14:23] Extracting field 'Color' from chunk for https://www.nike.com/w/mens-jordan-shoes-37eefznik1zy7ok
[2026-06-15 11:14:23] Color -> 'Best Seller'
[2026-06-15 11:14:23] Extracting field 'name' from chunk for https://www.nike.com/w/mens-jordan-shoes-37eefznik1zy7ok
[2026-06-15 11:14:23] name -> 'Luka 5 "Luka Lifestyle" Basketball Shoes'
[2026-06-15 11:14:23] Extracting field 'price' from chunk for https://www.nike.com/w/mens-jordan-shoes-37eefznik1zy7ok
[2026-06-15 11:14:23] price -> '$135'
[2026-06-15 11:14:23] Extracting field 'description' from chunk for https://www.nike.com/w/mens-jordan-shoes-37eefznik1zy7ok
[2026-06-15 11:14:23] description -> ''
[2026-06-15 11:14:23] Extracting field 'ImageUrl' from chunk for https://www.nike.com/w/mens-jordan-shoes-37eefznik1zy7ok
[2026-06-15 11:14:23] ImageUrl -> ''
[2026-06-15 11:14:23] Extracting field 'Color' from chunk for https://www.nike.com/w/mens-jordan-shoes-37eefznik1zy7ok
[2026-06-15 11:14:23] Color -> 'See Price in Bag'
[2026-06-15 11:14:23] Extracting field 'name' from chunk for https://www.nike.com/w/mens-jordan-shoes-37eefznik1zy7ok
[2026-06-15 11:14:23] name -> 'Jordan Franchise Shower Slides'
[2026-06-15 11:14:23] Extracting field 'price' from chunk for https://www.nike.com/w/mens-jordan-shoes-37eefznik1zy7ok
[2026-06-15 11:14:23] price -> '$33.97 $35'
[2026-06-15 11:14:23] Extracting field 'description' from chunk for https://www.nike.com/w/mens-jordan-shoes-37eefznik1zy7ok
[2026-06-15 11:14:23] description -> ''
[2026-06-15 11:14:23] Extracting field 'ImageUrl' from chunk for https://www.nike.com/w/mens-jordan-shoes-37eefznik1zy7ok
[2026-06-15 11:14:23] ImageUrl -> 'Jordan Franchise Shower Slides $33.97 $35 Extra 20% w/ SUMMER'
[2026-06-15 11:14:23] Extracting field 'Color' from chunk for https://www.nike.com/w/mens-jordan-shoes-37eefznik1zy7ok
[2026-06-15 11:14:23] Color -> 'Jordan Franchise Shower Slides $33.97 $35 Extra 20% w/ SUMMER'
[2026-06-15 11:14:23] Extracting field 'name' from chunk for https://www.nike.com/w/mens-jordan-shoes-37eefznik1zy7ok
[2026-06-15 11:14:23] name -> "Air Jordan Skyline Low LE Men's Shoes"
[2026-06-15 11:14:23] Extracting field 'price' from chunk for https://www.nike.com/w/mens-jordan-shoes-37eefznik1zy7ok
[2026-06-15 11:14:23] price -> '$105'
[2026-06-15 11:14:23] Extracting field 'description' from chunk for https://www.nike.com/w/mens-jordan-shoes-37eefznik1zy7ok
[2026-06-15 11:14:23] description -> ''
[2026-06-15 11:14:23] Extracting field 'ImageUrl' from chunk for https://www.nike.com/w/mens-jordan-shoes-37eefznik1zy7ok
[2026-06-15 11:14:23] ImageUrl -> ''
[2026-06-15 11:14:23] Extracting field 'Color' from chunk for https://www.nike.com/w/mens-jordan-shoes-37eefznik1zy7ok
[2026-06-15 11:14:23] Color -> ''
[2026-06-15 11:14:23] Extracting field 'name' from chunk for https://www.nike.com/w/mens-jordan-shoes-37eefznik1zy7ok
[2026-06-15 11:14:23] name -> "Air Jordan 4 RM Men's Shoes"
[2026-06-15 11:14:23] Extracting field 'price' from chunk for https://www.nike.com/w/mens-jordan-shoes-37eefznik1zy7ok
[2026-06-15 11:14:23] price -> '$87.97 $155 43% off'
[2026-06-15 11:14:23] Extracting field 'description' from chunk for https://www.nike.com/w/mens-jordan-shoes-37eefznik1zy7ok
[2026-06-15 11:14:23] description -> ''
[2026-06-15 11:14:23] Extracting field 'ImageUrl' from chunk for https://www.nike.com/w/mens-jordan-shoes-37eefznik1zy7ok
[2026-06-15 11:14:23] ImageUrl -> "Best Seller Air Jordan 4 RM Men's Shoes $87.97 $155 43% off"
[2026-06-15 11:14:23] Extracting field 'Color' from chunk for https://www.nike.com/w/mens-jordan-shoes-37eefznik1zy7ok
[2026-06-15 11:14:23] Color -> "Best Seller Air Jordan 4 RM Men's Shoes $87.97 $155 43% off"
[2026-06-15 11:14:23] Extracting field 'name' from chunk for https://www.nike.com/w/mens-jordan-shoes-37eefznik1zy7ok
[2026-06-15 11:14:23] name -> 'Air Jordan 1 Low G Spiked Golf Shoes'
[2026-06-15 11:14:23] Extracting field 'price' from chunk for https://www.nike.com/w/mens-jordan-shoes-37eefznik1zy7ok
[2026-06-15 11:14:23] price -> '$175'
[2026-06-15 11:14:23] Extracting field 'description' from chunk for https://www.nike.com/w/mens-jordan-shoes-37eefznik1zy7ok
[2026-06-15 11:14:23] description -> ''
[2026-06-15 11:14:23] Extracting field 'ImageUrl' from chunk for https://www.nike.com/w/mens-jordan-shoes-37eefznik1zy7ok
[2026-06-15 11:14:23] ImageUrl -> 'Best Seller Air Jordan 1 Low G Spiked Golf Shoes $175'
[2026-06-15 11:14:23] Extracting field 'Color' from chunk for https://www.nike.com/w/mens-jordan-shoes-37eefznik1zy7ok
[2026-06-15 11:14:23] Color -> 'Best Seller Air Jordan 1 Low G Spiked Golf Shoes $175'
[2026-06-15 11:14:23] Extracting field 'name' from chunk for https://www.nike.com/w/mens-jordan-shoes-37eefznik1zy7ok
[2026-06-15 11:14:23] name -> 'Nike Digital Gift Card Emailed in Approximately 2 Hours or Less'
[2026-06-15 11:14:23] Extracting field 'price' from chunk for https://www.nike.com/w/mens-jordan-shoes-37eefznik1zy7ok
[2026-06-15 11:14:23] price -> ''
[2026-06-15 11:14:23] Extracting field 'description' from chunk for https://www.nike.com/w/mens-jordan-shoes-37eefznik1zy7ok
[2026-06-15 11:14:23] description -> ''
[2026-06-15 11:14:23] Extracting field 'ImageUrl' from chunk for https://www.nike.com/w/mens-jordan-shoes-37eefznik1zy7ok
[2026-06-15 11:14:23] ImageUrl -> 'Nike Digital Gift Card Emailed in Approximately 2 Hours or Less'
[2026-06-15 11:14:23] Extracting field 'Color' from chunk for https://www.nike.com/w/mens-jordan-shoes-37eefznik1zy7ok
[2026-06-15 11:14:23] Color -> 'Nike Digital Gift Card Emailed in Approximately 2 Hours or Less'
[2026-06-15 11:14:23] Extracting field 'name' from chunk for https://www.nike.com/w/mens-jordan-shoes-37eefznik1zy7ok
[2026-06-15 11:14:23] name -> "Jordan Hydro 4 Retro Men's Slides"
[2026-06-15 11:14:23] Extracting field 'price' from chunk for https://www.nike.com/w/mens-jordan-shoes-37eefznik1zy7ok
[2026-06-15 11:14:23] price -> '$70'
[2026-06-15 11:14:23] Extracting field 'description' from chunk for https://www.nike.com/w/mens-jordan-shoes-37eefznik1zy7ok
[2026-06-15 11:14:23] description -> ''
[2026-06-15 11:14:23] Extracting field 'ImageUrl' from chunk for https://www.nike.com/w/mens-jordan-shoes-37eefznik1zy7ok
[2026-06-15 11:14:23] ImageUrl -> ''
[2026-06-15 11:14:23] Extracting field 'Color' from chunk for https://www.nike.com/w/mens-jordan-shoes-37eefznik1zy7ok
[2026-06-15 11:14:23] Color -> 'Best Seller'
[2026-06-15 11:14:23] Extracting field 'name' from chunk for https://www.nike.com/w/mens-jordan-shoes-37eefznik1zy7ok
[2026-06-15 11:14:23] name -> "Jordan Flight Court Men's Shoes"
[2026-06-15 11:14:23] Extracting field 'price' from chunk for https://www.nike.com/w/mens-jordan-shoes-37eefznik1zy7ok
[2026-06-15 11:14:23] price -> '$77.97 $105 25% off'
[2026-06-15 11:14:23] Extracting field 'description' from chunk for https://www.nike.com/w/mens-jordan-shoes-37eefznik1zy7ok
[2026-06-15 11:14:23] description -> ''
[2026-06-15 11:14:23] Extracting field 'ImageUrl' from chunk for https://www.nike.com/w/mens-jordan-shoes-37eefznik1zy7ok
[2026-06-15 11:14:23] ImageUrl -> "Best Seller Jordan Flight Court Men's Shoes $77.97 $105 25% off Extra 20% w/ SUMMER"
[2026-06-15 11:14:23] Extracting field 'Color' from chunk for https://www.nike.com/w/mens-jordan-shoes-37eefznik1zy7ok
[2026-06-15 11:14:23] Color -> "Best Seller Jordan Flight Court Men's Shoes $77.97 $105 25% off Extra 20% w/ SUMMER"
[2026-06-15 11:14:23] Extracting field 'name' from chunk for https://www.nike.com/w/mens-jordan-shoes-37eefznik1zy7ok
[2026-06-15 11:14:23] name -> "Jordan 11 Low TD Men's Cleats"
[2026-06-15 11:14:23] Extracting field 'price' from chunk for https://www.nike.com/w/mens-jordan-shoes-37eefznik1zy7ok
[2026-06-15 11:14:23] price -> '$195'
[2026-06-15 11:14:23] Extracting field 'description' from chunk for https://www.nike.com/w/mens-jordan-shoes-37eefznik1zy7ok
[2026-06-15 11:14:23] description -> ''
[2026-06-15 11:14:23] Extracting field 'ImageUrl' from chunk for https://www.nike.com/w/mens-jordan-shoes-37eefznik1zy7ok
[2026-06-15 11:14:23] ImageUrl -> ''
[2026-06-15 11:14:23] Extracting field 'Color' from chunk for https://www.nike.com/w/mens-jordan-shoes-37eefznik1zy7ok
[2026-06-15 11:14:23] Color -> ''
[2026-06-15 11:14:23] Extracting field 'name' from chunk for https://www.nike.com/w/mens-jordan-shoes-37eefznik1zy7ok
[2026-06-15 11:14:23] name -> "Jordan Session Men's Shoes"
[2026-06-15 11:14:23] Extracting field 'price' from chunk for https://www.nike.com/w/mens-jordan-shoes-37eefznik1zy7ok
[2026-06-15 11:14:23] price -> '$71.97 $95 24% off'
[2026-06-15 11:14:23] Extracting field 'description' from chunk for https://www.nike.com/w/mens-jordan-shoes-37eefznik1zy7ok
[2026-06-15 11:14:23] description -> ''
[2026-06-15 11:14:23] Extracting field 'ImageUrl' from chunk for https://www.nike.com/w/mens-jordan-shoes-37eefznik1zy7ok
[2026-06-15 11:14:23] ImageUrl -> "Jordan Session Men's Shoes $71.97 $95 24% off Extra 20% w/ SUMMER"
[2026-06-15 11:14:23] Extracting field 'Color' from chunk for https://www.nike.com/w/mens-jordan-shoes-37eefznik1zy7ok
[2026-06-15 11:14:23] Color -> "Jordan Session Men's Shoes $71.97 $95 24% off Extra 20% w/ SUMMER"
[2026-06-15 11:14:23] Extracting field 'name' from chunk for https://www.nike.com/w/mens-jordan-shoes-37eefznik1zy7ok
[2026-06-15 11:14:23] name -> "Jordan 6 Rings Men's Shoes"
[2026-06-15 11:14:23] Extracting field 'price' from chunk for https://www.nike.com/w/mens-jordan-shoes-37eefznik1zy7ok
[2026-06-15 11:14:23] price -> '$148.97 $175 14% off'
[2026-06-15 11:14:23] Extracting field 'description' from chunk for https://www.nike.com/w/mens-jordan-shoes-37eefznik1zy7ok
[2026-06-15 11:14:23] description -> ''
[2026-06-15 11:14:23] Extracting field 'ImageUrl' from chunk for https://www.nike.com/w/mens-jordan-shoes-37eefznik1zy7ok
[2026-06-15 11:14:23] ImageUrl -> "Jordan 6 Rings Men's Shoes $148.97 $175 14% off Extra 20% w/ SUMMER"
[2026-06-15 11:14:23] Extracting field 'Color' from chunk for https://www.nike.com/w/mens-jordan-shoes-37eefznik1zy7ok
[2026-06-15 11:14:23] Color -> "Jordan 6 Rings Men's Shoes $148.97 $175 14% off Extra 20% w/ SUMMER"
[2026-06-15 11:14:23] Extracting field 'name' from chunk for https://www.nike.com/w/mens-jordan-shoes-37eefznik1zy7ok
[2026-06-15 11:14:23] name -> "Air Jordan 1 Low SE Women's Shoes"
[2026-06-15 11:14:23] Extracting field 'price' from chunk for https://www.nike.com/w/mens-jordan-shoes-37eefznik1zy7ok
[2026-06-15 11:14:23] price -> '$97.97 $130 24% off'
[2026-06-15 11:14:23] Extracting field 'description' from chunk for https://www.nike.com/w/mens-jordan-shoes-37eefznik1zy7ok
[2026-06-15 11:14:23] description -> ''
[2026-06-15 11:14:23] Extracting field 'ImageUrl' from chunk for https://www.nike.com/w/mens-jordan-shoes-37eefznik1zy7ok
[2026-06-15 11:14:23] ImageUrl -> "Air Jordan 1 Low SE Women's Shoes $97.97 $130 24% off"
[2026-06-15 11:14:23] Extracting field 'Color' from chunk for https://www.nike.com/w/mens-jordan-shoes-37eefznik1zy7ok
[2026-06-15 11:14:23] Color -> "Air Jordan 1 Low SE Women's Shoes $97.97 $130 24% off"
[2026-06-15 11:14:23] Extracting field 'name' from chunk for https://www.nike.com/w/mens-jordan-shoes-37eefznik1zy7ok
[2026-06-15 11:14:24] name -> 'Air Jordan 40 "Infrared" Basketball Shoes'
[2026-06-15 11:14:24] Extracting field 'price' from chunk for https://www.nike.com/w/mens-jordan-shoes-37eefznik1zy7ok
[2026-06-15 11:14:24] price -> '$174.97 $205 14% off'
[2026-06-15 11:14:24] Extracting field 'description' from chunk for https://www.nike.com/w/mens-jordan-shoes-37eefznik1zy7ok
[2026-06-15 11:14:24] description -> ''
[2026-06-15 11:14:24] Extracting field 'ImageUrl' from chunk for https://www.nike.com/w/mens-jordan-shoes-37eefznik1zy7ok
[2026-06-15 11:14:24] ImageUrl -> 'Air Jordan 40 "Infrared" Basketball Shoes $174.97 $205 14% off Extra 20% w/ SUMMER'
[2026-06-15 11:14:24] Extracting field 'Color' from chunk for https://www.nike.com/w/mens-jordan-shoes-37eefznik1zy7ok
[2026-06-15 11:14:24] Color -> 'Air Jordan 40 "Infrared" Basketball Shoes $174.97 $205 14% off Extra 20% w/ SUMMER'
[2026-06-15 11:14:24] Extracting field 'name' from chunk for https://www.nike.com/w/mens-jordan-shoes-37eefznik1zy7ok
[2026-06-15 11:14:24] name -> "Air Jordan 1 Mid SE Edge Women's Shoes"
[2026-06-15 11:14:24] Extracting field 'price' from chunk for https://www.nike.com/w/mens-jordan-shoes-37eefznik1zy7ok
[2026-06-15 11:14:24] price -> '$98.97 $140 29% off'
[2026-06-15 11:14:24] Extracting field 'description' from chunk for https://www.nike.com/w/mens-jordan-shoes-37eefznik1zy7ok
[2026-06-15 11:14:24] description -> ''
[2026-06-15 11:14:24] Extracting field 'ImageUrl' from chunk for https://www.nike.com/w/mens-jordan-shoes-37eefznik1zy7ok
[2026-06-15 11:14:24] ImageUrl -> ''
[2026-06-15 11:14:24] Extracting field 'Color' from chunk for https://www.nike.com/w/mens-jordan-shoes-37eefznik1zy7ok
[2026-06-15 11:14:24] Color -> ''
[2026-06-15 11:14:24] Extracting field 'name' from chunk for https://www.nike.com/w/mens-jordan-shoes-37eefznik1zy7ok
[2026-06-15 11:14:24] name -> "Jordan City Men's Boots"
[2026-06-15 11:14:24] Extracting field 'price' from chunk for https://www.nike.com/w/mens-jordan-shoes-37eefznik1zy7ok
[2026-06-15 11:14:24] price -> '$123.97 $165 24% off'
[2026-06-15 11:14:24] Extracting field 'description' from chunk for https://www.nike.com/w/mens-jordan-shoes-37eefznik1zy7ok
[2026-06-15 11:14:24] description -> ''
[2026-06-15 11:14:24] Extracting field 'ImageUrl' from chunk for https://www.nike.com/w/mens-jordan-shoes-37eefznik1zy7ok
[2026-06-15 11:14:24] ImageUrl -> ''
[2026-06-15 11:14:24] Extracting field 'Color' from chunk for https://www.nike.com/w/mens-jordan-shoes-37eefznik1zy7ok
[2026-06-15 11:14:24] Color -> 'Extra 20% w/ SUMMER'
[2026-06-15 11:14:24] Extracting field 'name' from chunk for https://www.nike.com/w/mens-jordan-shoes-37eefznik1zy7ok
[2026-06-15 11:14:24] name -> "Air Jordan 1 Mid SE Women's Shoes"
[2026-06-15 11:14:24] Extracting field 'price' from chunk for https://www.nike.com/w/mens-jordan-shoes-37eefznik1zy7ok
[2026-06-15 11:14:24] price -> '$98.97 $140 29% off'
[2026-06-15 11:14:24] Extracting field 'description' from chunk for https://www.nike.com/w/mens-jordan-shoes-37eefznik1zy7ok
[2026-06-15 11:14:24] description -> ''
[2026-06-15 11:14:24] Extracting field 'ImageUrl' from chunk for https://www.nike.com/w/mens-jordan-shoes-37eefznik1zy7ok
[2026-06-15 11:14:24] ImageUrl -> "Air Jordan 1 Mid SE Women's Shoes $98.97 $140 29% off"
[2026-06-15 11:14:24] Extracting field 'Color' from chunk for https://www.nike.com/w/mens-jordan-shoes-37eefznik1zy7ok
[2026-06-15 11:14:24] Color -> "Air Jordan 1 Mid SE Women's Shoes $98.97 $140 29% off"
[2026-06-15 11:14:24] Extracting field 'name' from chunk for https://www.nike.com/w/mens-jordan-shoes-37eefznik1zy7ok
[2026-06-15 11:14:24] name -> 'Tatum 4 Basketball Shoes'
[2026-06-15 11:14:24] Extracting field 'price' from chunk for https://www.nike.com/w/mens-jordan-shoes-37eefznik1zy7ok
[2026-06-15 11:14:24] price -> '$97.97 $130 24% off'
[2026-06-15 11:14:24] Extracting field 'description' from chunk for https://www.nike.com/w/mens-jordan-shoes-37eefznik1zy7ok
[2026-06-15 11:14:24] description -> ''
[2026-06-15 11:14:24] Extracting field 'ImageUrl' from chunk for https://www.nike.com/w/mens-jordan-shoes-37eefznik1zy7ok
[2026-06-15 11:14:24] ImageUrl -> 'Tatum 4 Basketball Shoes $97.97 $130 24% off Extra 20% w/ SUMMER'
[2026-06-15 11:14:24] Extracting field 'Color' from chunk for https://www.nike.com/w/mens-jordan-shoes-37eefznik1zy7ok
[2026-06-15 11:14:24] Color -> 'Tatum 4 Basketball Shoes $97.97 $130 24% off Extra 20% w/ SUMMER'
[2026-06-15 11:14:24] Extracting field 'name' from chunk for https://www.nike.com/w/mens-jordan-shoes-37eefznik1zy7ok
[2026-06-15 11:14:24] name -> "Air Jordan 1 Element Low A/T Men's Shoes"
[2026-06-15 11:14:24] Extracting field 'price' from chunk for https://www.nike.com/w/mens-jordan-shoes-37eefznik1zy7ok
[2026-06-15 11:14:24] price -> '$164.97 $205 19% off'
[2026-06-15 11:14:24] Extracting field 'description' from chunk for https://www.nike.com/w/mens-jordan-shoes-37eefznik1zy7ok
[2026-06-15 11:14:24] description -> ''
[2026-06-15 11:14:24] Extracting field 'ImageUrl' from chunk for https://www.nike.com/w/mens-jordan-shoes-37eefznik1zy7ok
[2026-06-15 11:14:24] ImageUrl -> "Air Jordan 1 Element Low A/T Men's Shoes $164.97 $205 19% off"
[2026-06-15 11:14:24] Extracting field 'Color' from chunk for https://www.nike.com/w/mens-jordan-shoes-37eefznik1zy7ok
[2026-06-15 11:14:24] Color -> "Air Jordan 1 Element Low A/T Men's Shoes $164.97 $205 19% off"
[2026-06-15 11:14:24] Extracting field 'name' from chunk for https://www.nike.com/w/mens-jordan-shoes-37eefznik1zy7ok
[2026-06-15 11:14:24] name -> "Air Jordan 1 Low Women's Shoes"
[2026-06-15 11:14:24] Extracting field 'price' from chunk for https://www.nike.com/w/mens-jordan-shoes-37eefznik1zy7ok
[2026-06-15 11:14:24] price -> '$140'
[2026-06-15 11:14:24] Extracting field 'description' from chunk for https://www.nike.com/w/mens-jordan-shoes-37eefznik1zy7ok
[2026-06-15 11:14:24] description -> ''
[2026-06-15 11:14:24] Extracting field 'ImageUrl' from chunk for https://www.nike.com/w/mens-jordan-shoes-37eefznik1zy7ok
[2026-06-15 11:14:24] ImageUrl -> ''
[2026-06-15 11:14:24] Extracting field 'Color' from chunk for https://www.nike.com/w/mens-jordan-shoes-37eefznik1zy7ok
[2026-06-15 11:14:24] Color -> 'See Price in Bag'
[2026-06-15 11:14:24] Extracting field 'name' from chunk for https://www.nike.com/w/mens-jordan-shoes-37eefznik1zy7ok
[2026-06-15 11:14:24] name -> 'Nike Gift Card Mailed in a Mini Nike Shoebox'
[2026-06-15 11:14:24] Extracting field 'price' from chunk for https://www.nike.com/w/mens-jordan-shoes-37eefznik1zy7ok
[2026-06-15 11:14:24] price -> ''
[2026-06-15 11:14:24] Extracting field 'description' from chunk for https://www.nike.com/w/mens-jordan-shoes-37eefznik1zy7ok
[2026-06-15 11:14:24] description -> ''
[2026-06-15 11:14:24] Extracting field 'ImageUrl' from chunk for https://www.nike.com/w/mens-jordan-shoes-37eefznik1zy7ok
[2026-06-15 11:14:24] ImageUrl -> 'Nike Gift Card Mailed in a Mini Nike Shoebox'
[2026-06-15 11:14:24] Extracting field 'Color' from chunk for https://www.nike.com/w/mens-jordan-shoes-37eefznik1zy7ok
[2026-06-15 11:14:24] Color -> 'Nike Gift Card Mailed in a Mini Nike Shoebox'
[2026-06-15 11:14:24] Extracting field 'name' from chunk for https://www.nike.com/w/mens-jordan-shoes-37eefznik1zy7ok
[2026-06-15 11:14:24] name -> 'Tatum 4 SE Basketball Shoes'
[2026-06-15 11:14:24] Extracting field 'price' from chunk for https://www.nike.com/w/mens-jordan-shoes-37eefznik1zy7ok
[2026-06-15 11:14:24] price -> '$130'
[2026-06-15 11:14:24] Extracting field 'description' from chunk for https://www.nike.com/w/mens-jordan-shoes-37eefznik1zy7ok
[2026-06-15 11:14:24] description -> ''
[2026-06-15 11:14:24] Extracting field 'ImageUrl' from chunk for https://www.nike.com/w/mens-jordan-shoes-37eefznik1zy7ok
[2026-06-15 11:14:24] ImageUrl -> ''
[2026-06-15 11:14:24] Extracting field 'Color' from chunk for https://www.nike.com/w/mens-jordan-shoes-37eefznik1zy7ok
[2026-06-15 11:14:24] Color -> 'Extra 20% w/ SUMMER'
[2026-06-15 11:14:24] Extracting field 'name' from chunk for https://www.nike.com/w/mens-jordan-shoes-37eefznik1zy7ok
[2026-06-15 11:14:24] name -> 'Jordan Grind Golf Shoes'
[2026-06-15 11:14:24] Extracting field 'price' from chunk for https://www.nike.com/w/mens-jordan-shoes-37eefznik1zy7ok
[2026-06-15 11:14:24] price -> '$165'
[2026-06-15 11:14:24] Extracting field 'description' from chunk for https://www.nike.com/w/mens-jordan-shoes-37eefznik1zy7ok
[2026-06-15 11:14:24] description -> ''
[2026-06-15 11:14:24] Extracting field 'ImageUrl' from chunk for https://www.nike.com/w/mens-jordan-shoes-37eefznik1zy7ok
[2026-06-15 11:14:24] ImageUrl -> 'Best Seller Jordan Grind Golf Shoes $165'
[2026-06-15 11:14:24] Extracting field 'Color' from chunk for https://www.nike.com/w/mens-jordan-shoes-37eefznik1zy7ok
[2026-06-15 11:14:24] Color -> 'Best Seller Jordan Grind Golf Shoes $165'
[2026-06-15 11:14:24] Extracting field 'name' from chunk for https://www.nike.com/w/mens-jordan-shoes-37eefznik1zy7ok
[2026-06-15 11:14:24] name -> "Jordan 11 Retro MCS Men's Baseball Cleats"
[2026-06-15 11:14:24] Extracting field 'price' from chunk for https://www.nike.com/w/mens-jordan-shoes-37eefznik1zy7ok
[2026-06-15 11:14:24] price -> '$225'
[2026-06-15 11:14:24] Extracting field 'description' from chunk for https://www.nike.com/w/mens-jordan-shoes-37eefznik1zy7ok
[2026-06-15 11:14:24] description -> ''
[2026-06-15 11:14:24] Extracting field 'ImageUrl' from chunk for https://www.nike.com/w/mens-jordan-shoes-37eefznik1zy7ok
[2026-06-15 11:14:24] ImageUrl -> ''
[2026-06-15 11:14:24] Extracting field 'Color' from chunk for https://www.nike.com/w/mens-jordan-shoes-37eefznik1zy7ok
[2026-06-15 11:14:24] Color -> 'Extra 20% w/ SUMMER'
[2026-06-15 11:14:24] Extracting field 'name' from chunk for https://www.nike.com/w/mens-jordan-shoes-37eefznik1zy7ok
[2026-06-15 11:14:24] name -> "Jordan Jumpman Pro Men's Shoes"
[2026-06-15 11:14:24] Extracting field 'price' from chunk for https://www.nike.com/w/mens-jordan-shoes-37eefznik1zy7ok
[2026-06-15 11:14:24] price -> '$150'
[2026-06-15 11:14:24] Extracting field 'description' from chunk for https://www.nike.com/w/mens-jordan-shoes-37eefznik1zy7ok
[2026-06-15 11:14:24] description -> ''
[2026-06-15 11:14:24] Extracting field 'ImageUrl' from chunk for https://www.nike.com/w/mens-jordan-shoes-37eefznik1zy7ok
[2026-06-15 11:14:24] ImageUrl -> "Best Seller Jordan Jumpman Pro Men's Shoes $150"
[2026-06-15 11:14:24] Extracting field 'Color' from chunk for https://www.nike.com/w/mens-jordan-shoes-37eefznik1zy7ok
[2026-06-15 11:14:24] Color -> "Best Seller Jordan Jumpman Pro Men's Shoes $150"
[2026-06-15 11:14:24] Extracting field 'name' from chunk for https://www.nike.com/w/mens-jordan-shoes-37eefznik1zy7ok
[2026-06-15 11:14:24] name -> 'Luka 5 "Matador" Basketball Shoes'
[2026-06-15 11:14:24] Extracting field 'price' from chunk for https://www.nike.com/w/mens-jordan-shoes-37eefznik1zy7ok
[2026-06-15 11:14:24] price -> '$145'
[2026-06-15 11:14:24] Extracting field 'description' from chunk for https://www.nike.com/w/mens-jordan-shoes-37eefznik1zy7ok
[2026-06-15 11:14:24] description -> ''
[2026-06-15 11:14:24] Extracting field 'ImageUrl' from chunk for https://www.nike.com/w/mens-jordan-shoes-37eefznik1zy7ok
[2026-06-15 11:14:24] ImageUrl -> ''
[2026-06-15 11:14:24] Extracting field 'Color' from chunk for https://www.nike.com/w/mens-jordan-shoes-37eefznik1zy7ok
[2026-06-15 11:14:24] Color -> 'Extra 20% w/ SUMMER'
[2026-06-15 11:14:24] Extracting field 'name' from chunk for https://www.nike.com/w/mens-jordan-shoes-37eefznik1zy7ok
[2026-06-15 11:14:24] name -> "Jordan 1 Retro MCS SE Men's Baseball Cleats"
[2026-06-15 11:14:24] Extracting field 'price' from chunk for https://www.nike.com/w/mens-jordan-shoes-37eefznik1zy7ok
[2026-06-15 11:14:24] price -> '$121.97 $175 30% off'
[2026-06-15 11:14:24] Extracting field 'description' from chunk for https://www.nike.com/w/mens-jordan-shoes-37eefznik1zy7ok
[2026-06-15 11:14:24] description -> ''
[2026-06-15 11:14:24] Extracting field 'ImageUrl' from chunk for https://www.nike.com/w/mens-jordan-shoes-37eefznik1zy7ok
[2026-06-15 11:14:24] ImageUrl -> ''
[2026-06-15 11:14:24] Extracting field 'Color' from chunk for https://www.nike.com/w/mens-jordan-shoes-37eefznik1zy7ok
[2026-06-15 11:14:24] Color -> 'Extra 20% w/ SUMMER'
[2026-06-15 11:14:24] Extracting field 'name' from chunk for https://www.nike.com/w/mens-jordan-shoes-37eefznik1zy7ok
[2026-06-15 11:14:24] name -> "Jordan 1 Retro MCS Low SE Men's Baseball Cleats"
[2026-06-15 11:14:24] Extracting field 'price' from chunk for https://www.nike.com/w/mens-jordan-shoes-37eefznik1zy7ok
[2026-06-15 11:14:24] price -> '$115.97 $165 29% off'
[2026-06-15 11:14:24] Extracting field 'description' from chunk for https://www.nike.com/w/mens-jordan-shoes-37eefznik1zy7ok
[2026-06-15 11:14:24] description -> ''
[2026-06-15 11:14:24] Extracting field 'ImageUrl' from chunk for https://www.nike.com/w/mens-jordan-shoes-37eefznik1zy7ok
[2026-06-15 11:14:24] ImageUrl -> ''
[2026-06-15 11:14:24] Extracting field 'Color' from chunk for https://www.nike.com/w/mens-jordan-shoes-37eefznik1zy7ok
[2026-06-15 11:14:24] Color -> 'Extra 20% w/ SUMMER'
[2026-06-15 11:14:24] Extracting field 'name' from chunk for https://www.nike.com/w/mens-jordan-shoes-37eefznik1zy7ok
[2026-06-15 11:14:24] name -> "Jordan 1 Retro MCS Low Men's Baseball Cleats"
[2026-06-15 11:14:24] Extracting field 'price' from chunk for https://www.nike.com/w/mens-jordan-shoes-37eefznik1zy7ok
[2026-06-15 11:14:24] price -> '$123.97 $145 14% off'
[2026-06-15 11:14:24] Extracting field 'description' from chunk for https://www.nike.com/w/mens-jordan-shoes-37eefznik1zy7ok
[2026-06-15 11:14:24] description -> ''
[2026-06-15 11:14:24] Extracting field 'ImageUrl' from chunk for https://www.nike.com/w/mens-jordan-shoes-37eefznik1zy7ok
[2026-06-15 11:14:24] ImageUrl -> "Best Seller Jordan 1 Retro MCS Low Men's Baseball Cleats $123.97 $145 14% off Extra 20% w/ SUMMER"
[2026-06-15 11:14:24] Extracting field 'Color' from chunk for https://www.nike.com/w/mens-jordan-shoes-37eefznik1zy7ok
[2026-06-15 11:14:24] Color -> "Best Seller Jordan 1 Retro MCS Low Men's Baseball Cleats $123.97 $145 14% off Extra 20% w/ SUMMER"
[2026-06-15 11:14:24] Extracting field 'name' from chunk for https://www.nike.com/w/mens-jordan-shoes-37eefznik1zy7ok
[2026-06-15 11:14:24] name -> "Jordan 1 Retro MCS Men's Baseball Cleats"
[2026-06-15 11:14:24] Extracting field 'price' from chunk for https://www.nike.com/w/mens-jordan-shoes-37eefznik1zy7ok
[2026-06-15 11:14:24] price -> '$131.97 $155 14% off'
[2026-06-15 11:14:24] Extracting field 'description' from chunk for https://www.nike.com/w/mens-jordan-shoes-37eefznik1zy7ok
[2026-06-15 11:14:24] description -> ''
[2026-06-15 11:14:24] Extracting field 'ImageUrl' from chunk for https://www.nike.com/w/mens-jordan-shoes-37eefznik1zy7ok
[2026-06-15 11:14:24] ImageUrl -> "Best Seller Jordan 1 Retro MCS Men's Baseball Cleats $131.97 $155 14% off Extra 20% w/ SUMMER"
[2026-06-15 11:14:24] Extracting field 'Color' from chunk for https://www.nike.com/w/mens-jordan-shoes-37eefznik1zy7ok
[2026-06-15 11:14:24] Color -> "Best Seller Jordan 1 Retro MCS Men's Baseball Cleats $131.97 $155 14% off Extra 20% w/ SUMMER"
[2026-06-15 11:14:24] Extracting field 'name' from chunk for https://www.nike.com/w/mens-jordan-shoes-37eefznik1zy7ok
[2026-06-15 11:14:24] name -> "Jordan Trunner LX Women's Shoes"
[2026-06-15 11:14:24] Extracting field 'price' from chunk for https://www.nike.com/w/mens-jordan-shoes-37eefznik1zy7ok
[2026-06-15 11:14:24] price -> '$108.97 $135 19% off'
[2026-06-15 11:14:24] Extracting field 'description' from chunk for https://www.nike.com/w/mens-jordan-shoes-37eefznik1zy7ok
[2026-06-15 11:14:24] description -> ''
[2026-06-15 11:14:24] Extracting field 'ImageUrl' from chunk for https://www.nike.com/w/mens-jordan-shoes-37eefznik1zy7ok
[2026-06-15 11:14:24] ImageUrl -> "Best Seller Jordan Trunner LX Women's Shoes $108.97 $135 19% off Extra 20% w/ SUMMER"
[2026-06-15 11:14:24] Extracting field 'Color' from chunk for https://www.nike.com/w/mens-jordan-shoes-37eefznik1zy7ok
[2026-06-15 11:14:24] Color -> "Best Seller Jordan Trunner LX Women's Shoes $108.97 $135 19% off Extra 20% w/ SUMMER"
[2026-06-15 11:14:24] Extracting field 'name' from chunk for https://www.nike.com/w/mens-jordan-shoes-37eefznik1zy7ok
[2026-06-15 11:14:24] name -> "Air Jordan 1 Low SE Men's Shoes"
[2026-06-15 11:14:24] Extracting field 'price' from chunk for https://www.nike.com/w/mens-jordan-shoes-37eefznik1zy7ok
[2026-06-15 11:14:24] price -> '$130'
[2026-06-15 11:14:24] Extracting field 'description' from chunk for https://www.nike.com/w/mens-jordan-shoes-37eefznik1zy7ok
[2026-06-15 11:14:24] description -> ''
[2026-06-15 11:14:24] Extracting field 'ImageUrl' from chunk for https://www.nike.com/w/mens-jordan-shoes-37eefznik1zy7ok
[2026-06-15 11:14:24] ImageUrl -> ''
[2026-06-15 11:14:24] Extracting field 'Color' from chunk for https://www.nike.com/w/mens-jordan-shoes-37eefznik1zy7ok
[2026-06-15 11:14:24] Color -> 'See Price in Bag'
[2026-06-15 11:14:24] Extracting field 'name' from chunk for https://www.nike.com/w/mens-jordan-shoes-37eefznik1zy7ok
[2026-06-15 11:14:24] name -> 'Jordan Heir Series 2 "Oh Sheila" Basketball Shoes'
[2026-06-15 11:14:24] Extracting field 'price' from chunk for https://www.nike.com/w/mens-jordan-shoes-37eefznik1zy7ok
[2026-06-15 11:14:24] price -> '$120'
[2026-06-15 11:14:24] Extracting field 'description' from chunk for https://www.nike.com/w/mens-jordan-shoes-37eefznik1zy7ok
[2026-06-15 11:14:24] description -> ''
[2026-06-15 11:14:24] Extracting field 'ImageUrl' from chunk for https://www.nike.com/w/mens-jordan-shoes-37eefznik1zy7ok
[2026-06-15 11:14:24] ImageUrl -> 'Jordan Heir Series 2 "Oh Sheila" Basketball Shoes $120 See Price in Bag'
[2026-06-15 11:14:24] Extracting field 'Color' from chunk for https://www.nike.com/w/mens-jordan-shoes-37eefznik1zy7ok
[2026-06-15 11:14:24] Color -> 'Jordan Heir Series 2 "Oh Sheila" Basketball Shoes $120 See Price in Bag'
[2026-06-15 11:14:24] Extracting field 'name' from chunk for https://www.nike.com/w/mens-jordan-shoes-37eefznik1zy7ok
[2026-06-15 11:14:24] name -> "Jordan 11 Mid TD Men's Football Cleats"
[2026-06-15 11:14:24] Extracting field 'price' from chunk for https://www.nike.com/w/mens-jordan-shoes-37eefznik1zy7ok
[2026-06-15 11:14:24] price -> '$225'
[2026-06-15 11:14:24] Extracting field 'description' from chunk for https://www.nike.com/w/mens-jordan-shoes-37eefznik1zy7ok
[2026-06-15 11:14:24] description -> ''
[2026-06-15 11:14:24] Extracting field 'ImageUrl' from chunk for https://www.nike.com/w/mens-jordan-shoes-37eefznik1zy7ok
[2026-06-15 11:14:24] ImageUrl -> ''
[2026-06-15 11:14:24] Extracting field 'Color' from chunk for https://www.nike.com/w/mens-jordan-shoes-37eefznik1zy7ok
[2026-06-15 11:14:24] Color -> 'See Price in Bag'
[2026-06-15 11:14:24] Extracting field 'name' from chunk for https://www.nike.com/w/mens-jordan-shoes-37eefznik1zy7ok
[2026-06-15 11:14:24] name -> "Jordan 1 Low TD Men's Football Cleat"
[2026-06-15 11:14:24] Extracting field 'price' from chunk for https://www.nike.com/w/mens-jordan-shoes-37eefznik1zy7ok
[2026-06-15 11:14:24] price -> '$145'
[2026-06-15 11:14:24] Extracting field 'description' from chunk for https://www.nike.com/w/mens-jordan-shoes-37eefznik1zy7ok
[2026-06-15 11:14:24] description -> ''
[2026-06-15 11:14:24] Extracting field 'ImageUrl' from chunk for https://www.nike.com/w/mens-jordan-shoes-37eefznik1zy7ok
[2026-06-15 11:14:24] ImageUrl -> "Best Seller Jordan 1 Low TD Men's Football Cleat $145 See Price in Bag"
[2026-06-15 11:14:24] Extracting field 'Color' from chunk for https://www.nike.com/w/mens-jordan-shoes-37eefznik1zy7ok
[2026-06-15 11:14:24] Color -> "Best Seller Jordan 1 Low TD Men's Football Cleat $145 See Price in Bag"
[2026-06-15 11:14:24] Extracting field 'name' from chunk for https://www.nike.com/w/mens-jordan-shoes-37eefznik1zy7ok
[2026-06-15 11:14:24] name -> "Jordan 1 Mid TD Men's Football Cleat"
[2026-06-15 11:14:24] Extracting field 'price' from chunk for https://www.nike.com/w/mens-jordan-shoes-37eefznik1zy7ok
[2026-06-15 11:14:24] price -> '$109.97 $155 29% off'
[2026-06-15 11:14:24] Extracting field 'description' from chunk for https://www.nike.com/w/mens-jordan-shoes-37eefznik1zy7ok
[2026-06-15 11:14:24] description -> ''
[2026-06-15 11:14:24] Extracting field 'ImageUrl' from chunk for https://www.nike.com/w/mens-jordan-shoes-37eefznik1zy7ok
[2026-06-15 11:14:24] ImageUrl -> "Best Seller Jordan 1 Mid TD Men's Football Cleat $109.97 $155 29% off Extra 20% w/ SUMMER"
[2026-06-15 11:14:24] Extracting field 'Color' from chunk for https://www.nike.com/w/mens-jordan-shoes-37eefznik1zy7ok
[2026-06-15 11:14:24] Color -> "Best Seller Jordan 1 Mid TD Men's Football Cleat $109.97 $155 29% off Extra 20% w/ SUMMER"
[2026-06-15 11:14:24] Extracting field 'name' from chunk for https://www.nike.com/w/mens-jordan-shoes-37eefznik1zy7ok
[2026-06-15 11:14:24] name -> "Jordan CMFT Era Men's Shoes"
[2026-06-15 11:14:24] Extracting field 'price' from chunk for https://www.nike.com/w/mens-jordan-shoes-37eefznik1zy7ok
[2026-06-15 11:14:24] price -> '$120'
[2026-06-15 11:14:24] Extracting field 'description' from chunk for https://www.nike.com/w/mens-jordan-shoes-37eefznik1zy7ok
[2026-06-15 11:14:24] description -> ''
[2026-06-15 11:14:24] Extracting field 'ImageUrl' from chunk for https://www.nike.com/w/mens-jordan-shoes-37eefznik1zy7ok
[2026-06-15 11:14:24] ImageUrl -> ''
[2026-06-15 11:14:24] Extracting field 'Color' from chunk for https://www.nike.com/w/mens-jordan-shoes-37eefznik1zy7ok
[2026-06-15 11:14:24] Color -> 'Extra 20% w/ SUMMER'
[2026-06-15 11:14:24] Extracting field 'name' from chunk for https://www.nike.com/w/mens-jordan-shoes-37eefznik1zy7ok
[2026-06-15 11:14:24] name -> 'Luka 5 Basketball Shoes'
[2026-06-15 11:14:24] Extracting field 'price' from chunk for https://www.nike.com/w/mens-jordan-shoes-37eefznik1zy7ok
[2026-06-15 11:14:24] price -> '$135'
[2026-06-15 11:14:24] Extracting field 'description' from chunk for https://www.nike.com/w/mens-jordan-shoes-37eefznik1zy7ok
[2026-06-15 11:14:24] description -> ''
[2026-06-15 11:14:24] Extracting field 'ImageUrl' from chunk for https://www.nike.com/w/mens-jordan-shoes-37eefznik1zy7ok
[2026-06-15 11:14:24] ImageUrl -> 'Luka 5 Basketball Shoes $135 See Price in Bag'
[2026-06-15 11:14:24] Extracting field 'Color' from chunk for https://www.nike.com/w/mens-jordan-shoes-37eefznik1zy7ok
[2026-06-15 11:14:24] Color -> 'Luka 5 Basketball Shoes $135 See Price in Bag'
[2026-06-15 11:14:24] Extracting field 'name' from chunk for https://www.nike.com/w/mens-jordan-shoes-37eefznik1zy7ok
[2026-06-15 11:14:24] name -> "Air Jordan OG Women's Shoes"
[2026-06-15 11:14:24] Extracting field 'price' from chunk for https://www.nike.com/w/mens-jordan-shoes-37eefznik1zy7ok
[2026-06-15 11:14:24] price -> '$155'
[2026-06-15 11:14:24] Extracting field 'description' from chunk for https://www.nike.com/w/mens-jordan-shoes-37eefznik1zy7ok
[2026-06-15 11:14:24] description -> ''
[2026-06-15 11:14:24] Extracting field 'ImageUrl' from chunk for https://www.nike.com/w/mens-jordan-shoes-37eefznik1zy7ok
[2026-06-15 11:14:24] ImageUrl -> "Air Jordan OG Women's Shoes $155 See Price in Bag"
[2026-06-15 11:14:24] Extracting field 'Color' from chunk for https://www.nike.com/w/mens-jordan-shoes-37eefznik1zy7ok
[2026-06-15 11:14:24] Color -> "Air Jordan OG Women's Shoes $155 See Price in Bag"
[2026-06-15 11:14:24] Extracting field 'name' from chunk for https://www.nike.com/w/mens-jordan-shoes-37eefznik1zy7ok
[2026-06-15 11:14:24] name -> 'Jordan 1 Retro Low Metal Baseball Cleats'
[2026-06-15 11:14:24] Extracting field 'price' from chunk for https://www.nike.com/w/mens-jordan-shoes-37eefznik1zy7ok
[2026-06-15 11:14:24] price -> '$145'
[2026-06-15 11:14:24] Extracting field 'description' from chunk for https://www.nike.com/w/mens-jordan-shoes-37eefznik1zy7ok
[2026-06-15 11:14:24] description -> ''
[2026-06-15 11:14:24] Extracting field 'ImageUrl' from chunk for https://www.nike.com/w/mens-jordan-shoes-37eefznik1zy7ok
[2026-06-15 11:14:24] ImageUrl -> ''
[2026-06-15 11:14:24] Extracting field 'Color' from chunk for https://www.nike.com/w/mens-jordan-shoes-37eefznik1zy7ok
[2026-06-15 11:14:24] Color -> 'Extra 20% w/ SUMMER'
[2026-06-15 11:14:24] Extracting field 'name' from chunk for https://www.nike.com/w/mens-jordan-shoes-37eefznik1zy7ok
[2026-06-15 11:14:24] name -> "Air Jordan Skyline Low Women's Shoes"
[2026-06-15 11:14:24] Extracting field 'price' from chunk for https://www.nike.com/w/mens-jordan-shoes-37eefznik1zy7ok
[2026-06-15 11:14:24] price -> '$100'
[2026-06-15 11:14:24] Extracting field 'description' from chunk for https://www.nike.com/w/mens-jordan-shoes-37eefznik1zy7ok
[2026-06-15 11:14:24] description -> ''
[2026-06-15 11:14:24] Extracting field 'ImageUrl' from chunk for https://www.nike.com/w/mens-jordan-shoes-37eefznik1zy7ok
[2026-06-15 11:14:24] ImageUrl -> "Air Jordan Skyline Low Women's Shoes $100 See Price in Bag"
[2026-06-15 11:14:24] Extracting field 'Color' from chunk for https://www.nike.com/w/mens-jordan-shoes-37eefznik1zy7ok
[2026-06-15 11:14:24] Color -> "Air Jordan Skyline Low Women's Shoes $100 See Price in Bag"
[2026-06-15 11:14:24] Extracting field 'name' from chunk for https://www.nike.com/w/mens-jordan-shoes-37eefznik1zy7ok
[2026-06-15 11:14:24] name -> "Jordan 1 Retro Metal Men's Baseball Cleats"
[2026-06-15 11:14:24] Extracting field 'price' from chunk for https://www.nike.com/w/mens-jordan-shoes-37eefznik1zy7ok
[2026-06-15 11:14:24] price -> '$155'
[2026-06-15 11:14:24] Extracting field 'description' from chunk for https://www.nike.com/w/mens-jordan-shoes-37eefznik1zy7ok
[2026-06-15 11:14:24] description -> ''
[2026-06-15 11:14:24] Extracting field 'ImageUrl' from chunk for https://www.nike.com/w/mens-jordan-shoes-37eefznik1zy7ok
[2026-06-15 11:14:24] ImageUrl -> "Jordan 1 Retro Metal Men's Baseball Cleats $155 Extra 20% w/ SUMMER"
[2026-06-15 11:14:24] Extracting field 'Color' from chunk for https://www.nike.com/w/mens-jordan-shoes-37eefznik1zy7ok
[2026-06-15 11:14:24] Color -> "Jordan 1 Retro Metal Men's Baseball Cleats $155 Extra 20% w/ SUMMER"
[2026-06-15 11:14:24] Extracting field 'name' from chunk for https://www.nike.com/w/mens-jordan-shoes-37eefznik1zy7ok
[2026-06-15 11:14:24] name -> "Jordan Sixty Plus Low Women's Shoes"
[2026-06-15 11:14:24] Extracting field 'price' from chunk for https://www.nike.com/w/mens-jordan-shoes-37eefznik1zy7ok
[2026-06-15 11:14:24] price -> '$160'
[2026-06-15 11:14:24] Extracting field 'description' from chunk for https://www.nike.com/w/mens-jordan-shoes-37eefznik1zy7ok
[2026-06-15 11:14:24] description -> ''
[2026-06-15 11:14:24] Extracting field 'ImageUrl' from chunk for https://www.nike.com/w/mens-jordan-shoes-37eefznik1zy7ok
[2026-06-15 11:14:24] ImageUrl -> "Jordan Sixty Plus Low Women's Shoes $160 See Price in Bag"
[2026-06-15 11:14:24] Extracting field 'Color' from chunk for https://www.nike.com/w/mens-jordan-shoes-37eefznik1zy7ok
[2026-06-15 11:14:24] Color -> "Jordan Sixty Plus Low Women's Shoes $160 See Price in Bag"
[2026-06-15 11:14:24] Extracting field 'name' from chunk for https://www.nike.com/w/mens-jordan-shoes-37eefznik1zy7ok
[2026-06-15 11:14:24] name -> "Jordan Trunner O/S Women's Shoes"
[2026-06-15 11:14:24] Extracting field 'price' from chunk for https://www.nike.com/w/mens-jordan-shoes-37eefznik1zy7ok
[2026-06-15 11:14:24] price -> '$115'
[2026-06-15 11:14:24] Extracting field 'description' from chunk for https://www.nike.com/w/mens-jordan-shoes-37eefznik1zy7ok
[2026-06-15 11:14:24] description -> ''
[2026-06-15 11:14:24] Extracting field 'ImageUrl' from chunk for https://www.nike.com/w/mens-jordan-shoes-37eefznik1zy7ok
[2026-06-15 11:14:24] ImageUrl -> "Jordan Trunner O/S Women's Shoes $115 See Price in Bag"
[2026-06-15 11:14:24] Extracting field 'Color' from chunk for https://www.nike.com/w/mens-jordan-shoes-37eefznik1zy7ok
[2026-06-15 11:14:24] Color -> "Jordan Trunner O/S Women's Shoes $115 See Price in Bag"
[2026-06-15 11:14:24] Extracting field 'name' from chunk for https://www.nike.com/w/mens-jordan-shoes-37eefznik1zy7ok
[2026-06-15 11:14:24] name -> 'Air Jordan 14 G Golf Shoes'
[2026-06-15 11:14:24] Extracting field 'price' from chunk for https://www.nike.com/w/mens-jordan-shoes-37eefznik1zy7ok
[2026-06-15 11:14:24] price -> '$235'
[2026-06-15 11:14:24] Extracting field 'description' from chunk for https://www.nike.com/w/mens-jordan-shoes-37eefznik1zy7ok
[2026-06-15 11:14:24] description -> ''
[2026-06-15 11:14:24] Extracting field 'ImageUrl' from chunk for https://www.nike.com/w/mens-jordan-shoes-37eefznik1zy7ok
[2026-06-15 11:14:24] ImageUrl -> 'Air Jordan 14 G Golf Shoes $235 Extra 20% w/ SUMMER'
[2026-06-15 11:14:24] Extracting field 'Color' from chunk for https://www.nike.com/w/mens-jordan-shoes-37eefznik1zy7ok
[2026-06-15 11:14:24] Color -> 'Air Jordan 14 G Golf Shoes $235 Extra 20% w/ SUMMER'
[2026-06-15 11:14:24] Extracting field 'name' from chunk for https://www.nike.com/w/mens-jordan-shoes-37eefznik1zy7ok
[2026-06-15 11:14:24] name -> 'Jordan Air Rev Golf Shoes'
[2026-06-15 11:14:24] Extracting field 'price' from chunk for https://www.nike.com/w/mens-jordan-shoes-37eefznik1zy7ok
[2026-06-15 11:14:24] price -> '$255'
[2026-06-15 11:14:24] Extracting field 'description' from chunk for https://www.nike.com/w/mens-jordan-shoes-37eefznik1zy7ok
[2026-06-15 11:14:24] description -> ''
[2026-06-15 11:14:24] Extracting field 'ImageUrl' from chunk for https://www.nike.com/w/mens-jordan-shoes-37eefznik1zy7ok
[2026-06-15 11:14:24] ImageUrl -> 'Jordan Air Rev Golf Shoes $255 Extra 20% w/ SUMMER'
[2026-06-15 11:14:24] Extracting field 'Color' from chunk for https://www.nike.com/w/mens-jordan-shoes-37eefznik1zy7ok
[2026-06-15 11:14:24] Color -> 'Jordan Air Rev Golf Shoes $255 Extra 20% w/ SUMMER'
[2026-06-15 11:14:24] Extracting field 'name' from chunk for https://www.nike.com/w/mens-jordan-shoes-37eefznik1zy7ok
[2026-06-15 11:14:24] name -> 'Air Jordan 3 Retro "Medium Olive" Men\'s Shoes'
[2026-06-15 11:14:24] Extracting field 'price' from chunk for https://www.nike.com/w/mens-jordan-shoes-37eefznik1zy7ok
[2026-06-15 11:14:24] price -> '$215'
[2026-06-15 11:14:24] Extracting field 'description' from chunk for https://www.nike.com/w/mens-jordan-shoes-37eefznik1zy7ok
[2026-06-15 11:14:24] description -> ''
[2026-06-15 11:14:24] Extracting field 'ImageUrl' from chunk for https://www.nike.com/w/mens-jordan-shoes-37eefznik1zy7ok
[2026-06-15 11:14:24] ImageUrl -> ''
[2026-06-15 11:14:24] Extracting field 'Color' from chunk for https://www.nike.com/w/mens-jordan-shoes-37eefznik1zy7ok
[2026-06-15 11:14:24] Color -> 'See Price in Bag'
[2026-06-15 11:14:24] Extracting field 'name' from chunk for https://www.nike.com/w/mens-jordan-shoes-37eefznik1zy7ok
[2026-06-15 11:14:24] name -> 'Jordan Stadium 90 Low TD Football Cleats'
[2026-06-15 11:14:24] Extracting field 'price' from chunk for https://www.nike.com/w/mens-jordan-shoes-37eefznik1zy7ok
[2026-06-15 11:14:24] price -> '$130'
[2026-06-15 11:14:24] Extracting field 'description' from chunk for https://www.nike.com/w/mens-jordan-shoes-37eefznik1zy7ok
[2026-06-15 11:14:24] description -> ''
[2026-06-15 11:14:24] Extracting field 'ImageUrl' from chunk for https://www.nike.com/w/mens-jordan-shoes-37eefznik1zy7ok
[2026-06-15 11:14:24] ImageUrl -> ''
[2026-06-15 11:14:24] Extracting field 'Color' from chunk for https://www.nike.com/w/mens-jordan-shoes-37eefznik1zy7ok
[2026-06-15 11:14:24] Color -> 'Extra 20% w/ SUMMER'
[2026-06-15 11:14:24] Extracting field 'name' from chunk for https://www.nike.com/w/mens-jordan-shoes-37eefznik1zy7ok
[2026-06-15 11:14:24] name -> "Air Jordan 4 Retro Women's Shoes"
[2026-06-15 11:14:24] Extracting field 'price' from chunk for https://www.nike.com/w/mens-jordan-shoes-37eefznik1zy7ok
[2026-06-15 11:14:24] price -> '$220'
[2026-06-15 11:14:24] Extracting field 'description' from chunk for https://www.nike.com/w/mens-jordan-shoes-37eefznik1zy7ok
[2026-06-15 11:14:24] description -> ''
[2026-06-15 11:14:24] Extracting field 'ImageUrl' from chunk for https://www.nike.com/w/mens-jordan-shoes-37eefznik1zy7ok
[2026-06-15 11:14:24] ImageUrl -> ''
[2026-06-15 11:14:24] Extracting field 'Color' from chunk for https://www.nike.com/w/mens-jordan-shoes-37eefznik1zy7ok
[2026-06-15 11:14:24] Color -> 'See Price in Bag'
[2026-06-15 11:14:24] Extracting field 'name' from chunk for https://www.nike.com/w/mens-jordan-shoes-37eefznik1zy7ok
[2026-06-15 11:14:24] name -> 'Air Jordan 3 Retro "Sail and Pale Ivory" Women\'s Shoes'
[2026-06-15 11:14:24] Extracting field 'price' from chunk for https://www.nike.com/w/mens-jordan-shoes-37eefznik1zy7ok
[2026-06-15 11:14:24] price -> '$205'
[2026-06-15 11:14:24] Extracting field 'description' from chunk for https://www.nike.com/w/mens-jordan-shoes-37eefznik1zy7ok
[2026-06-15 11:14:24] description -> ''
[2026-06-15 11:14:24] Extracting field 'ImageUrl' from chunk for https://www.nike.com/w/mens-jordan-shoes-37eefznik1zy7ok
[2026-06-15 11:14:24] ImageUrl -> ''
[2026-06-15 11:14:24] Extracting field 'Color' from chunk for https://www.nike.com/w/mens-jordan-shoes-37eefznik1zy7ok
[2026-06-15 11:14:24] Color -> 'See Price in Bag'
[2026-06-15 11:14:24] Extracting field 'name' from chunk for https://www.nike.com/w/mens-jordan-shoes-37eefznik1zy7ok
[2026-06-15 11:14:24] name -> "Jordan 1 Retro MCS Men's Baseball Cleats"
[2026-06-15 11:14:24] Extracting field 'price' from chunk for https://www.nike.com/w/mens-jordan-shoes-37eefznik1zy7ok
[2026-06-15 11:14:24] price -> '$131.97 $155 14% off'
[2026-06-15 11:14:24] Extracting field 'description' from chunk for https://www.nike.com/w/mens-jordan-shoes-37eefznik1zy7ok
[2026-06-15 11:14:24] description -> ''
[2026-06-15 11:14:24] Extracting field 'ImageUrl' from chunk for https://www.nike.com/w/mens-jordan-shoes-37eefznik1zy7ok
[2026-06-15 11:14:24] ImageUrl -> "Best Seller Jordan 1 Retro MCS Men's Baseball Cleats $131.97 $155 14% off Extra 20% w/ SUMMER"
[2026-06-15 11:14:24] Extracting field 'Color' from chunk for https://www.nike.com/w/mens-jordan-shoes-37eefznik1zy7ok
[2026-06-15 11:14:24] Color -> "Best Seller Jordan 1 Retro MCS Men's Baseball Cleats $131.97 $155 14% off Extra 20% w/ SUMMER"
[2026-06-15 11:14:24] Extracting field 'name' from chunk for https://www.nike.com/w/mens-jordan-shoes-37eefznik1zy7ok
[2026-06-15 11:14:24] name -> "Jordan Trunner LX Women's Shoes"
[2026-06-15 11:14:24] Extracting field 'price' from chunk for https://www.nike.com/w/mens-jordan-shoes-37eefznik1zy7ok
[2026-06-15 11:14:24] price -> '$108.97 $135 19% off'
[2026-06-15 11:14:24] Extracting field 'description' from chunk for https://www.nike.com/w/mens-jordan-shoes-37eefznik1zy7ok
[2026-06-15 11:14:24] description -> ''
[2026-06-15 11:14:24] Extracting field 'ImageUrl' from chunk for https://www.nike.com/w/mens-jordan-shoes-37eefznik1zy7ok
[2026-06-15 11:14:24] ImageUrl -> "Best Seller Jordan Trunner LX Women's Shoes $108.97 $135 19% off Extra 20% w/ SUMMER"
[2026-06-15 11:14:24] Extracting field 'Color' from chunk for https://www.nike.com/w/mens-jordan-shoes-37eefznik1zy7ok
[2026-06-15 11:14:24] Color -> "Best Seller Jordan Trunner LX Women's Shoes $108.97 $135 19% off Extra 20% w/ SUMMER"
[2026-06-15 11:14:24] Extracting field 'name' from chunk for https://www.nike.com/w/mens-jordan-shoes-37eefznik1zy7ok
[2026-06-15 11:14:24] name -> "Air Jordan 1 Low SE Men's Shoes"
[2026-06-15 11:14:24] Extracting field 'price' from chunk for https://www.nike.com/w/mens-jordan-shoes-37eefznik1zy7ok
[2026-06-15 11:14:24] price -> '$130'
[2026-06-15 11:14:24] Extracting field 'description' from chunk for https://www.nike.com/w/mens-jordan-shoes-37eefznik1zy7ok
[2026-06-15 11:14:24] description -> ''
[2026-06-15 11:14:24] Extracting field 'ImageUrl' from chunk for https://www.nike.com/w/mens-jordan-shoes-37eefznik1zy7ok
[2026-06-15 11:14:24] ImageUrl -> ''
[2026-06-15 11:14:24] Extracting field 'Color' from chunk for https://www.nike.com/w/mens-jordan-shoes-37eefznik1zy7ok
[2026-06-15 11:14:24] Color -> 'See Price in Bag'
[2026-06-15 11:14:24] Extracting field 'name' from chunk for https://www.nike.com/w/mens-jordan-shoes-37eefznik1zy7ok
[2026-06-15 11:14:24] name -> 'Jordan Heir Series 2 "Oh Sheila" Basketball Shoes'
[2026-06-15 11:14:24] Extracting field 'price' from chunk for https://www.nike.com/w/mens-jordan-shoes-37eefznik1zy7ok
[2026-06-15 11:14:25] price -> '$120'
[2026-06-15 11:14:25] Extracting field 'description' from chunk for https://www.nike.com/w/mens-jordan-shoes-37eefznik1zy7ok
[2026-06-15 11:14:25] description -> ''
[2026-06-15 11:14:25] Extracting field 'ImageUrl' from chunk for https://www.nike.com/w/mens-jordan-shoes-37eefznik1zy7ok
[2026-06-15 11:14:25] ImageUrl -> 'Jordan Heir Series 2 "Oh Sheila" Basketball Shoes $120 See Price in Bag'
[2026-06-15 11:14:25] Extracting field 'Color' from chunk for https://www.nike.com/w/mens-jordan-shoes-37eefznik1zy7ok
[2026-06-15 11:14:25] Color -> 'Jordan Heir Series 2 "Oh Sheila" Basketball Shoes $120 See Price in Bag'
[2026-06-15 11:14:25] Extracting field 'name' from chunk for https://www.nike.com/w/mens-jordan-shoes-37eefznik1zy7ok
[2026-06-15 11:14:25] name -> "Jordan 11 Mid TD Men's Football Cleats"
[2026-06-15 11:14:25] Extracting field 'price' from chunk for https://www.nike.com/w/mens-jordan-shoes-37eefznik1zy7ok
[2026-06-15 11:14:25] price -> '$225'
[2026-06-15 11:14:25] Extracting field 'description' from chunk for https://www.nike.com/w/mens-jordan-shoes-37eefznik1zy7ok
[2026-06-15 11:14:25] description -> ''
[2026-06-15 11:14:25] Extracting field 'ImageUrl' from chunk for https://www.nike.com/w/mens-jordan-shoes-37eefznik1zy7ok
[2026-06-15 11:14:25] ImageUrl -> ''
[2026-06-15 11:14:25] Extracting field 'Color' from chunk for https://www.nike.com/w/mens-jordan-shoes-37eefznik1zy7ok
[2026-06-15 11:14:25] Color -> 'See Price in Bag'
[2026-06-15 11:14:25] Extracting field 'name' from chunk for https://www.nike.com/w/mens-jordan-shoes-37eefznik1zy7ok
[2026-06-15 11:14:25] name -> "Jordan 1 Low TD Men's Football Cleat"
[2026-06-15 11:14:25] Extracting field 'price' from chunk for https://www.nike.com/w/mens-jordan-shoes-37eefznik1zy7ok
[2026-06-15 11:14:25] price -> '$145'
[2026-06-15 11:14:25] Extracting field 'description' from chunk for https://www.nike.com/w/mens-jordan-shoes-37eefznik1zy7ok
[2026-06-15 11:14:25] description -> ''
[2026-06-15 11:14:25] Extracting field 'ImageUrl' from chunk for https://www.nike.com/w/mens-jordan-shoes-37eefznik1zy7ok
[2026-06-15 11:14:25] ImageUrl -> "Best Seller Jordan 1 Low TD Men's Football Cleat $145 See Price in Bag"
[2026-06-15 11:14:25] Extracting field 'Color' from chunk for https://www.nike.com/w/mens-jordan-shoes-37eefznik1zy7ok
[2026-06-15 11:14:25] Color -> "Best Seller Jordan 1 Low TD Men's Football Cleat $145 See Price in Bag"
[2026-06-15 11:14:25] Extracting field 'name' from chunk for https://www.nike.com/w/mens-jordan-shoes-37eefznik1zy7ok
[2026-06-15 11:14:25] name -> "Jordan 1 Mid TD Men's Football Cleat"
[2026-06-15 11:14:25] Extracting field 'price' from chunk for https://www.nike.com/w/mens-jordan-shoes-37eefznik1zy7ok
[2026-06-15 11:14:25] price -> '$109.97 $155 29% off'
[2026-06-15 11:14:25] Extracting field 'description' from chunk for https://www.nike.com/w/mens-jordan-shoes-37eefznik1zy7ok
[2026-06-15 11:14:25] description -> ''
[2026-06-15 11:14:25] Extracting field 'ImageUrl' from chunk for https://www.nike.com/w/mens-jordan-shoes-37eefznik1zy7ok
[2026-06-15 11:14:25] ImageUrl -> "Best Seller Jordan 1 Mid TD Men's Football Cleat $109.97 $155 29% off Extra 20% w/ SUMMER"
[2026-06-15 11:14:25] Extracting field 'Color' from chunk for https://www.nike.com/w/mens-jordan-shoes-37eefznik1zy7ok
[2026-06-15 11:14:25] Color -> "Best Seller Jordan 1 Mid TD Men's Football Cleat $109.97 $155 29% off Extra 20% w/ SUMMER"
[2026-06-15 11:14:25] Extracting field 'name' from chunk for https://www.nike.com/w/mens-jordan-shoes-37eefznik1zy7ok
[2026-06-15 11:14:25] name -> "Jordan CMFT Era Men's Shoes"
[2026-06-15 11:14:25] Extracting field 'price' from chunk for https://www.nike.com/w/mens-jordan-shoes-37eefznik1zy7ok
[2026-06-15 11:14:25] price -> '$120'
[2026-06-15 11:14:25] Extracting field 'description' from chunk for https://www.nike.com/w/mens-jordan-shoes-37eefznik1zy7ok
[2026-06-15 11:14:25] description -> ''
[2026-06-15 11:14:25] Extracting field 'ImageUrl' from chunk for https://www.nike.com/w/mens-jordan-shoes-37eefznik1zy7ok
[2026-06-15 11:14:25] ImageUrl -> ''
[2026-06-15 11:14:25] Extracting field 'Color' from chunk for https://www.nike.com/w/mens-jordan-shoes-37eefznik1zy7ok
[2026-06-15 11:14:25] Color -> 'Extra 20% w/ SUMMER'
[2026-06-15 11:14:25] Extracting field 'name' from chunk for https://www.nike.com/w/mens-jordan-shoes-37eefznik1zy7ok
[2026-06-15 11:14:25] name -> 'Luka 5 Basketball Shoes'
[2026-06-15 11:14:25] Extracting field 'price' from chunk for https://www.nike.com/w/mens-jordan-shoes-37eefznik1zy7ok
[2026-06-15 11:14:25] price -> '$135'
[2026-06-15 11:14:25] Extracting field 'description' from chunk for https://www.nike.com/w/mens-jordan-shoes-37eefznik1zy7ok
[2026-06-15 11:14:25] description -> ''
[2026-06-15 11:14:25] Extracting field 'ImageUrl' from chunk for https://www.nike.com/w/mens-jordan-shoes-37eefznik1zy7ok
[2026-06-15 11:14:25] ImageUrl -> 'Luka 5 Basketball Shoes $135 See Price in Bag'
[2026-06-15 11:14:25] Extracting field 'Color' from chunk for https://www.nike.com/w/mens-jordan-shoes-37eefznik1zy7ok
[2026-06-15 11:14:25] Color -> 'Luka 5 Basketball Shoes $135 See Price in Bag'
[2026-06-15 11:14:25] Extracting field 'name' from chunk for https://www.nike.com/w/mens-jordan-shoes-37eefznik1zy7ok
[2026-06-15 11:14:25] name -> "Air Jordan OG Women's Shoes"
[2026-06-15 11:14:25] Extracting field 'price' from chunk for https://www.nike.com/w/mens-jordan-shoes-37eefznik1zy7ok
[2026-06-15 11:14:25] price -> '$155'
[2026-06-15 11:14:25] Extracting field 'description' from chunk for https://www.nike.com/w/mens-jordan-shoes-37eefznik1zy7ok
[2026-06-15 11:14:25] description -> ''
[2026-06-15 11:14:25] Extracting field 'ImageUrl' from chunk for https://www.nike.com/w/mens-jordan-shoes-37eefznik1zy7ok
[2026-06-15 11:14:25] ImageUrl -> "Air Jordan OG Women's Shoes $155 See Price in Bag"
[2026-06-15 11:14:25] Extracting field 'Color' from chunk for https://www.nike.com/w/mens-jordan-shoes-37eefznik1zy7ok
[2026-06-15 11:14:25] Color -> "Air Jordan OG Women's Shoes $155 See Price in Bag"
[2026-06-15 11:14:25] Extracting field 'name' from chunk for https://www.nike.com/w/mens-jordan-shoes-37eefznik1zy7ok
[2026-06-15 11:14:25] name -> 'Jordan 1 Retro Low Metal Baseball Cleats'
[2026-06-15 11:14:25] Extracting field 'price' from chunk for https://www.nike.com/w/mens-jordan-shoes-37eefznik1zy7ok
[2026-06-15 11:14:25] price -> '$145'
[2026-06-15 11:14:25] Extracting field 'description' from chunk for https://www.nike.com/w/mens-jordan-shoes-37eefznik1zy7ok
[2026-06-15 11:14:25] description -> ''
[2026-06-15 11:14:25] Extracting field 'ImageUrl' from chunk for https://www.nike.com/w/mens-jordan-shoes-37eefznik1zy7ok
[2026-06-15 11:14:25] ImageUrl -> ''
[2026-06-15 11:14:25] Extracting field 'Color' from chunk for https://www.nike.com/w/mens-jordan-shoes-37eefznik1zy7ok
[2026-06-15 11:14:25] Color -> 'Extra 20% w/ SUMMER'
[2026-06-15 11:14:25] Extracting field 'name' from chunk for https://www.nike.com/w/mens-jordan-shoes-37eefznik1zy7ok
[2026-06-15 11:14:25] name -> "Air Jordan Skyline Low Women's Shoes"
[2026-06-15 11:14:25] Extracting field 'price' from chunk for https://www.nike.com/w/mens-jordan-shoes-37eefznik1zy7ok
[2026-06-15 11:14:25] price -> '$100'
[2026-06-15 11:14:25] Extracting field 'description' from chunk for https://www.nike.com/w/mens-jordan-shoes-37eefznik1zy7ok
[2026-06-15 11:14:25] description -> ''
[2026-06-15 11:14:25] Extracting field 'ImageUrl' from chunk for https://www.nike.com/w/mens-jordan-shoes-37eefznik1zy7ok
[2026-06-15 11:14:25] ImageUrl -> "Air Jordan Skyline Low Women's Shoes $100 See Price in Bag"
[2026-06-15 11:14:25] Extracting field 'Color' from chunk for https://www.nike.com/w/mens-jordan-shoes-37eefznik1zy7ok
[2026-06-15 11:14:25] Color -> "Air Jordan Skyline Low Women's Shoes $100 See Price in Bag"
[2026-06-15 11:14:25] Extracting field 'name' from chunk for https://www.nike.com/w/mens-jordan-shoes-37eefznik1zy7ok
[2026-06-15 11:14:25] name -> "Jordan 1 Retro Metal Men's Baseball Cleats"
[2026-06-15 11:14:25] Extracting field 'price' from chunk for https://www.nike.com/w/mens-jordan-shoes-37eefznik1zy7ok
[2026-06-15 11:14:25] price -> '$155'
[2026-06-15 11:14:25] Extracting field 'description' from chunk for https://www.nike.com/w/mens-jordan-shoes-37eefznik1zy7ok
[2026-06-15 11:14:25] description -> ''
[2026-06-15 11:14:25] Extracting field 'ImageUrl' from chunk for https://www.nike.com/w/mens-jordan-shoes-37eefznik1zy7ok
[2026-06-15 11:14:25] ImageUrl -> "Jordan 1 Retro Metal Men's Baseball Cleats $155 Extra 20% w/ SUMMER"
[2026-06-15 11:14:25] Extracting field 'Color' from chunk for https://www.nike.com/w/mens-jordan-shoes-37eefznik1zy7ok
[2026-06-15 11:14:25] Color -> "Jordan 1 Retro Metal Men's Baseball Cleats $155 Extra 20% w/ SUMMER"
[2026-06-15 11:14:25] Extracting field 'name' from chunk for https://www.nike.com/w/mens-jordan-shoes-37eefznik1zy7ok
[2026-06-15 11:14:25] name -> "Jordan Sixty Plus Low Women's Shoes"
[2026-06-15 11:14:25] Extracting field 'price' from chunk for https://www.nike.com/w/mens-jordan-shoes-37eefznik1zy7ok
[2026-06-15 11:14:25] price -> '$160'
[2026-06-15 11:14:25] Extracting field 'description' from chunk for https://www.nike.com/w/mens-jordan-shoes-37eefznik1zy7ok
[2026-06-15 11:14:25] description -> ''
[2026-06-15 11:14:25] Extracting field 'ImageUrl' from chunk for https://www.nike.com/w/mens-jordan-shoes-37eefznik1zy7ok
[2026-06-15 11:14:25] ImageUrl -> "Jordan Sixty Plus Low Women's Shoes $160 See Price in Bag"
[2026-06-15 11:14:25] Extracting field 'Color' from chunk for https://www.nike.com/w/mens-jordan-shoes-37eefznik1zy7ok
[2026-06-15 11:14:25] Color -> "Jordan Sixty Plus Low Women's Shoes $160 See Price in Bag"
[2026-06-15 11:14:25] Extracting field 'name' from chunk for https://www.nike.com/w/mens-jordan-shoes-37eefznik1zy7ok
[2026-06-15 11:14:25] name -> "Jordan Trunner O/S Women's Shoes"
[2026-06-15 11:14:25] Extracting field 'price' from chunk for https://www.nike.com/w/mens-jordan-shoes-37eefznik1zy7ok
[2026-06-15 11:14:25] price -> '$115'
[2026-06-15 11:14:25] Extracting field 'description' from chunk for https://www.nike.com/w/mens-jordan-shoes-37eefznik1zy7ok
[2026-06-15 11:14:25] description -> ''
[2026-06-15 11:14:25] Extracting field 'ImageUrl' from chunk for https://www.nike.com/w/mens-jordan-shoes-37eefznik1zy7ok
[2026-06-15 11:14:25] ImageUrl -> "Jordan Trunner O/S Women's Shoes $115 See Price in Bag"
[2026-06-15 11:14:25] Extracting field 'Color' from chunk for https://www.nike.com/w/mens-jordan-shoes-37eefznik1zy7ok
[2026-06-15 11:14:25] Color -> "Jordan Trunner O/S Women's Shoes $115 See Price in Bag"
[2026-06-15 11:14:25] Extracting field 'name' from chunk for https://www.nike.com/w/mens-jordan-shoes-37eefznik1zy7ok
[2026-06-15 11:14:25] name -> 'Air Jordan 14 G Golf Shoes'
[2026-06-15 11:14:25] Extracting field 'price' from chunk for https://www.nike.com/w/mens-jordan-shoes-37eefznik1zy7ok
[2026-06-15 11:14:25] price -> '$235'
[2026-06-15 11:14:25] Extracting field 'description' from chunk for https://www.nike.com/w/mens-jordan-shoes-37eefznik1zy7ok
[2026-06-15 11:14:25] description -> ''
[2026-06-15 11:14:25] Extracting field 'ImageUrl' from chunk for https://www.nike.com/w/mens-jordan-shoes-37eefznik1zy7ok
[2026-06-15 11:14:25] ImageUrl -> 'Air Jordan 14 G Golf Shoes $235 Extra 20% w/ SUMMER'
[2026-06-15 11:14:25] Extracting field 'Color' from chunk for https://www.nike.com/w/mens-jordan-shoes-37eefznik1zy7ok
[2026-06-15 11:14:25] Color -> 'Air Jordan 14 G Golf Shoes $235 Extra 20% w/ SUMMER'
[2026-06-15 11:14:25] Extracting field 'name' from chunk for https://www.nike.com/w/mens-jordan-shoes-37eefznik1zy7ok
[2026-06-15 11:14:25] name -> 'Jordan Air Rev Golf Shoes'
[2026-06-15 11:14:25] Extracting field 'price' from chunk for https://www.nike.com/w/mens-jordan-shoes-37eefznik1zy7ok
[2026-06-15 11:14:25] price -> '$255'
[2026-06-15 11:14:25] Extracting field 'description' from chunk for https://www.nike.com/w/mens-jordan-shoes-37eefznik1zy7ok
[2026-06-15 11:14:25] description -> ''
[2026-06-15 11:14:25] Extracting field 'ImageUrl' from chunk for https://www.nike.com/w/mens-jordan-shoes-37eefznik1zy7ok
[2026-06-15 11:14:25] ImageUrl -> 'Jordan Air Rev Golf Shoes $255 Extra 20% w/ SUMMER'
[2026-06-15 11:14:25] Extracting field 'Color' from chunk for https://www.nike.com/w/mens-jordan-shoes-37eefznik1zy7ok
[2026-06-15 11:14:25] Color -> 'Jordan Air Rev Golf Shoes $255 Extra 20% w/ SUMMER'
[2026-06-15 11:14:25] Extracting field 'name' from chunk for https://www.nike.com/w/mens-jordan-shoes-37eefznik1zy7ok
[2026-06-15 11:14:25] name -> 'Air Jordan 3 Retro "Medium Olive" Men\'s Shoes'
[2026-06-15 11:14:25] Extracting field 'price' from chunk for https://www.nike.com/w/mens-jordan-shoes-37eefznik1zy7ok
[2026-06-15 11:14:25] price -> '$215'
[2026-06-15 11:14:25] Extracting field 'description' from chunk for https://www.nike.com/w/mens-jordan-shoes-37eefznik1zy7ok
[2026-06-15 11:14:25] description -> ''
[2026-06-15 11:14:25] Extracting field 'ImageUrl' from chunk for https://www.nike.com/w/mens-jordan-shoes-37eefznik1zy7ok
[2026-06-15 11:14:25] ImageUrl -> ''
[2026-06-15 11:14:25] Extracting field 'Color' from chunk for https://www.nike.com/w/mens-jordan-shoes-37eefznik1zy7ok
[2026-06-15 11:14:25] Color -> 'See Price in Bag'
[2026-06-15 11:14:25] Extracting field 'name' from chunk for https://www.nike.com/w/mens-jordan-shoes-37eefznik1zy7ok
[2026-06-15 11:14:25] name -> 'Jordan Stadium 90 Low TD Football Cleats'
[2026-06-15 11:14:25] Extracting field 'price' from chunk for https://www.nike.com/w/mens-jordan-shoes-37eefznik1zy7ok
[2026-06-15 11:14:25] price -> '$130'
[2026-06-15 11:14:25] Extracting field 'description' from chunk for https://www.nike.com/w/mens-jordan-shoes-37eefznik1zy7ok
[2026-06-15 11:14:25] description -> ''
[2026-06-15 11:14:25] Extracting field 'ImageUrl' from chunk for https://www.nike.com/w/mens-jordan-shoes-37eefznik1zy7ok
[2026-06-15 11:14:25] ImageUrl -> ''
[2026-06-15 11:14:25] Extracting field 'Color' from chunk for https://www.nike.com/w/mens-jordan-shoes-37eefznik1zy7ok
[2026-06-15 11:14:25] Color -> 'Extra 20% w/ SUMMER'
[2026-06-15 11:14:25] Extracting field 'name' from chunk for https://www.nike.com/w/mens-jordan-shoes-37eefznik1zy7ok
[2026-06-15 11:14:25] name -> "Air Jordan 4 Retro Women's Shoes"
[2026-06-15 11:14:25] Extracting field 'price' from chunk for https://www.nike.com/w/mens-jordan-shoes-37eefznik1zy7ok
[2026-06-15 11:14:25] price -> '$220'
[2026-06-15 11:14:25] Extracting field 'description' from chunk for https://www.nike.com/w/mens-jordan-shoes-37eefznik1zy7ok
[2026-06-15 11:14:25] description -> ''
[2026-06-15 11:14:25] Extracting field 'ImageUrl' from chunk for https://www.nike.com/w/mens-jordan-shoes-37eefznik1zy7ok
[2026-06-15 11:14:25] ImageUrl -> ''
[2026-06-15 11:14:25] Extracting field 'Color' from chunk for https://www.nike.com/w/mens-jordan-shoes-37eefznik1zy7ok
[2026-06-15 11:14:25] Color -> 'See Price in Bag'
[2026-06-15 11:14:25] Extracting field 'name' from chunk for https://www.nike.com/w/mens-jordan-shoes-37eefznik1zy7ok
[2026-06-15 11:14:25] name -> 'Air Jordan 3 Retro "Sail and Pale Ivory" Women\'s Shoes'
[2026-06-15 11:14:25] Extracting field 'price' from chunk for https://www.nike.com/w/mens-jordan-shoes-37eefznik1zy7ok
[2026-06-15 11:14:25] price -> '$205'
[2026-06-15 11:14:25] Extracting field 'description' from chunk for https://www.nike.com/w/mens-jordan-shoes-37eefznik1zy7ok
[2026-06-15 11:14:25] description -> ''
[2026-06-15 11:14:25] Extracting field 'ImageUrl' from chunk for https://www.nike.com/w/mens-jordan-shoes-37eefznik1zy7ok
[2026-06-15 11:14:25] ImageUrl -> ''
[2026-06-15 11:14:25] Extracting field 'Color' from chunk for https://www.nike.com/w/mens-jordan-shoes-37eefznik1zy7ok
[2026-06-15 11:14:25] Color -> 'See Price in Bag'
[2026-06-15 11:14:25] Found 4 missing required fields in https://www.nike.com/w/mens-jordan-shoes-37eefznik1zy7ok
[2026-06-15 11:15:05] batch=1 pages_processed=1 max_pages=3 visited=1 queue=669
[2026-06-15 11:15:10] Extracted 1 chunks from https://www.nike.com/register for record extraction
[2026-06-15 11:15:10] No content chunks extracted from https://www.nike.com/register
[2026-06-15 11:15:10] Trying Claude API for https://www.nike.com/register since no chunks extracted
[2026-06-15 11:15:14] Extracted 120 chunks from https://www.nike.com/w/mens-fleece-4xh6qznik1 for record extraction
[2026-06-15 11:15:14] Extracting field 'name' from chunk for https://www.nike.com/w/mens-fleece-4xh6qznik1
[2026-06-15 11:15:14] name -> "Nike Tech Men's Fleece Windrunner Full-Zip Jacket"
[2026-06-15 11:15:14] Extracting field 'price' from chunk for https://www.nike.com/w/mens-fleece-4xh6qznik1
[2026-06-15 11:15:14] price -> '$99.97 $140 28% off'
[2026-06-15 11:15:14] Extracting field 'description' from chunk for https://www.nike.com/w/mens-fleece-4xh6qznik1
[2026-06-15 11:15:14] description -> ''
[2026-06-15 11:15:14] Extracting field 'ImageUrl' from chunk for https://www.nike.com/w/mens-fleece-4xh6qznik1
[2026-06-15 11:15:14] ImageUrl -> "Best Seller Nike Tech Men's Fleece Windrunner Full-Zip Jacket $99.97 $140 28% off Extra 20% w/ SUMMER"
[2026-06-15 11:15:14] Extracting field 'Color' from chunk for https://www.nike.com/w/mens-fleece-4xh6qznik1
[2026-06-15 11:15:14] Color -> "Best Seller Nike Tech Men's Fleece Windrunner Full-Zip Jacket $99.97 $140 28% off Extra 20% w/ SUMMER"
[2026-06-15 11:15:14] Extracting field 'name' from chunk for https://www.nike.com/w/mens-fleece-4xh6qznik1
[2026-06-15 11:15:14] name -> "Nike Tech Men's Fleece Joggers"
[2026-06-15 11:15:14] Extracting field 'price' from chunk for https://www.nike.com/w/mens-fleece-4xh6qznik1
[2026-06-15 11:15:14] price -> '$87.97 $120 26% off'
[2026-06-15 11:15:14] Extracting field 'description' from chunk for https://www.nike.com/w/mens-fleece-4xh6qznik1
[2026-06-15 11:15:14] description -> ''
[2026-06-15 11:15:14] Extracting field 'ImageUrl' from chunk for https://www.nike.com/w/mens-fleece-4xh6qznik1
[2026-06-15 11:15:14] ImageUrl -> "Best Seller Nike Tech Men's Fleece Joggers $87.97 $120 26% off Extra 20% w/ SUMMER"
[2026-06-15 11:15:14] Extracting field 'Color' from chunk for https://www.nike.com/w/mens-fleece-4xh6qznik1
[2026-06-15 11:15:14] Color -> "Best Seller Nike Tech Men's Fleece Joggers $87.97 $120 26% off Extra 20% w/ SUMMER"
[2026-06-15 11:15:14] Extracting field 'name' from chunk for https://www.nike.com/w/mens-fleece-4xh6qznik1
[2026-06-15 11:15:14] name -> "Nike Tech Men's Color-Block Full-Zip Fleece Windrunner Jacket"
[2026-06-15 11:15:14] Extracting field 'price' from chunk for https://www.nike.com/w/mens-fleece-4xh6qznik1
[2026-06-15 11:15:14] price -> '$105.97 $150 29% off'
[2026-06-15 11:15:14] Extracting field 'description' from chunk for https://www.nike.com/w/mens-fleece-4xh6qznik1
[2026-06-15 11:15:14] description -> ''
[2026-06-15 11:15:14] Extracting field 'ImageUrl' from chunk for https://www.nike.com/w/mens-fleece-4xh6qznik1
[2026-06-15 11:15:14] ImageUrl -> "Nike Tech Men's Color-Block Full-Zip Fleece Windrunner Jacket $105.97 $150 29% off Extra 20% w/ SUMMER"
[2026-06-15 11:15:14] Extracting field 'Color' from chunk for https://www.nike.com/w/mens-fleece-4xh6qznik1
[2026-06-15 11:15:14] Color -> 'Block Full-Zip Fleece Windrunner Jacket $105.97 $150 29% off Extra 20% w/ SUMMER'
[2026-06-15 11:15:14] Extracting field 'name' from chunk for https://www.nike.com/w/mens-fleece-4xh6qznik1
[2026-06-15 11:15:14] name -> "Nike Tech Men's Color-Block Open-Hem Fleece Pants"
[2026-06-15 11:15:14] Extracting field 'price' from chunk for https://www.nike.com/w/mens-fleece-4xh6qznik1
[2026-06-15 11:15:14] price -> '$99.97 $140 28% off'
[2026-06-15 11:15:14] Extracting field 'description' from chunk for https://www.nike.com/w/mens-fleece-4xh6qznik1
[2026-06-15 11:15:14] description -> ''
[2026-06-15 11:15:14] Extracting field 'ImageUrl' from chunk for https://www.nike.com/w/mens-fleece-4xh6qznik1
[2026-06-15 11:15:14] ImageUrl -> "Nike Tech Men's Color-Block Open-Hem Fleece Pants $99.97 $140 28% off Extra 20% w/ SUMMER"
[2026-06-15 11:15:14] Extracting field 'Color' from chunk for https://www.nike.com/w/mens-fleece-4xh6qznik1
[2026-06-15 11:15:14] Color -> 'Block Open-Hem Fleece Pants $99.97 $140 28% off Extra 20% w/ SUMMER'
[2026-06-15 11:15:14] Extracting field 'name' from chunk for https://www.nike.com/w/mens-fleece-4xh6qznik1
[2026-06-15 11:15:14] name -> "Nike Solo Swoosh Men's Fleece Open-Hem Pants"
[2026-06-15 11:15:14] Extracting field 'price' from chunk for https://www.nike.com/w/mens-fleece-4xh6qznik1
[2026-06-15 11:15:14] price -> '$125'
[2026-06-15 11:15:14] Extracting field 'description' from chunk for https://www.nike.com/w/mens-fleece-4xh6qznik1
[2026-06-15 11:15:14] description -> ''
[2026-06-15 11:15:14] Extracting field 'ImageUrl' from chunk for https://www.nike.com/w/mens-fleece-4xh6qznik1
[2026-06-15 11:15:14] ImageUrl -> "Best Seller Nike Solo Swoosh Men's Fleece Open-Hem Pants $125"
[2026-06-15 11:15:14] Extracting field 'Color' from chunk for https://www.nike.com/w/mens-fleece-4xh6qznik1
[2026-06-15 11:15:14] Color -> "Best Seller Nike Solo Swoosh Men's Fleece Open-Hem Pants $125"
[2026-06-15 11:15:14] Extracting field 'name' from chunk for https://www.nike.com/w/mens-fleece-4xh6qznik1
[2026-06-15 11:15:14] name -> "Nike Sportswear Club Men's Washed Cuffed Fleece Pants"
[2026-06-15 11:15:14] Extracting field 'price' from chunk for https://www.nike.com/w/mens-fleece-4xh6qznik1
[2026-06-15 11:15:14] price -> '$58.97 $75 21% off'
[2026-06-15 11:15:14] Extracting field 'description' from chunk for https://www.nike.com/w/mens-fleece-4xh6qznik1
[2026-06-15 11:15:14] description -> ''
[2026-06-15 11:15:14] Extracting field 'ImageUrl' from chunk for https://www.nike.com/w/mens-fleece-4xh6qznik1
[2026-06-15 11:15:14] ImageUrl -> "Nike Sportswear Club Men's Washed Cuffed Fleece Pants $58.97 $75 21% off Extra 20% w/ SUMMER"
[2026-06-15 11:15:14] Extracting field 'Color' from chunk for https://www.nike.com/w/mens-fleece-4xh6qznik1
[2026-06-15 11:15:14] Color -> "Nike Sportswear Club Men's Washed Cuffed Fleece Pants $58.97 $75 21% off Extra 20% w/ SUMMER"
[2026-06-15 11:15:14] Extracting field 'name' from chunk for https://www.nike.com/w/mens-fleece-4xh6qznik1
[2026-06-15 11:15:14] name -> "Nike Solo Swoosh Men's Cuffed Fleece Pants"
[2026-06-15 11:15:14] Extracting field 'price' from chunk for https://www.nike.com/w/mens-fleece-4xh6qznik1
[2026-06-15 11:15:14] price -> '$68.97 $85 18% off'
[2026-06-15 11:15:14] Extracting field 'description' from chunk for https://www.nike.com/w/mens-fleece-4xh6qznik1
[2026-06-15 11:15:14] description -> ''
[2026-06-15 11:15:14] Extracting field 'ImageUrl' from chunk for https://www.nike.com/w/mens-fleece-4xh6qznik1
[2026-06-15 11:15:14] ImageUrl -> "Nike Solo Swoosh Men's Cuffed Fleece Pants $68.97 $85 18% off Extra 20% w/ SUMMER"
[2026-06-15 11:15:14] Extracting field 'Color' from chunk for https://www.nike.com/w/mens-fleece-4xh6qznik1
[2026-06-15 11:15:14] Color -> "Nike Solo Swoosh Men's Cuffed Fleece Pants $68.97 $85 18% off Extra 20% w/ SUMMER"
[2026-06-15 11:15:14] Extracting field 'name' from chunk for https://www.nike.com/w/mens-fleece-4xh6qznik1
[2026-06-15 11:15:14] name -> 'Caitlin Clark Nike Fleece Cuffed Basketball Pants'
[2026-06-15 11:15:14] Extracting field 'price' from chunk for https://www.nike.com/w/mens-fleece-4xh6qznik1
[2026-06-15 11:15:14] price -> '$83.97 $115 27% off'
[2026-06-15 11:15:14] Extracting field 'description' from chunk for https://www.nike.com/w/mens-fleece-4xh6qznik1
[2026-06-15 11:15:14] description -> ''
[2026-06-15 11:15:14] Extracting field 'ImageUrl' from chunk for https://www.nike.com/w/mens-fleece-4xh6qznik1
[2026-06-15 11:15:14] ImageUrl -> 'Caitlin Clark Nike Fleece Cuffed Basketball Pants $83.97 $115 27% off Extra 20% w/ SUMMER'
[2026-06-15 11:15:14] Extracting field 'Color' from chunk for https://www.nike.com/w/mens-fleece-4xh6qznik1
[2026-06-15 11:15:14] Color -> 'Caitlin Clark Nike Fleece Cuffed Basketball Pants $83.97 $115 27% off Extra 20% w/ SUMMER'
[2026-06-15 11:15:14] Extracting field 'name' from chunk for https://www.nike.com/w/mens-fleece-4xh6qznik1
[2026-06-15 11:15:14] name -> "Nike Solo Swoosh Men's Fleece Open-Hem Pants"
[2026-06-15 11:15:14] Extracting field 'price' from chunk for https://www.nike.com/w/mens-fleece-4xh6qznik1
[2026-06-15 11:15:14] price -> '$68.97 $90 23% off'
[2026-06-15 11:15:14] Extracting field 'description' from chunk for https://www.nike.com/w/mens-fleece-4xh6qznik1
[2026-06-15 11:15:14] description -> ''
[2026-06-15 11:15:14] Extracting field 'ImageUrl' from chunk for https://www.nike.com/w/mens-fleece-4xh6qznik1
[2026-06-15 11:15:14] ImageUrl -> "Nike Solo Swoosh Men's Fleece Open-Hem Pants $68.97 $90 23% off"
[2026-06-15 11:15:14] Extracting field 'Color' from chunk for https://www.nike.com/w/mens-fleece-4xh6qznik1
[2026-06-15 11:15:14] Color -> "Nike Solo Swoosh Men's Fleece Open-Hem Pants $68.97 $90 23% off"
[2026-06-15 11:15:14] Extracting field 'name' from chunk for https://www.nike.com/w/mens-fleece-4xh6qznik1
[2026-06-15 11:15:14] name -> "Nike Tech Men's Open-Hem Fleece Pants"
[2026-06-15 11:15:14] Extracting field 'price' from chunk for https://www.nike.com/w/mens-fleece-4xh6qznik1
[2026-06-15 11:15:14] price -> '$90.97 $125 27% off'
[2026-06-15 11:15:14] Extracting field 'description' from chunk for https://www.nike.com/w/mens-fleece-4xh6qznik1
[2026-06-15 11:15:14] description -> ''
[2026-06-15 11:15:14] Extracting field 'ImageUrl' from chunk for https://www.nike.com/w/mens-fleece-4xh6qznik1
[2026-06-15 11:15:14] ImageUrl -> "Best Seller Nike Tech Men's Open-Hem Fleece Pants $90.97 $125 27% off Extra 20% w/ SUMMER"
[2026-06-15 11:15:14] Extracting field 'Color' from chunk for https://www.nike.com/w/mens-fleece-4xh6qznik1
[2026-06-15 11:15:14] Color -> "Best Seller Nike Tech Men's Open-Hem Fleece Pants $90.97 $125 27% off Extra 20% w/ SUMMER"
[2026-06-15 11:15:14] Extracting field 'name' from chunk for https://www.nike.com/w/mens-fleece-4xh6qznik1
[2026-06-15 11:15:14] name -> "Nike Therma Men's Therma-FIT Open Hem Fitness Pants"
[2026-06-15 11:15:14] Extracting field 'price' from chunk for https://www.nike.com/w/mens-fleece-4xh6qznik1
[2026-06-15 11:15:14] price -> '$55.97 $70 20% off'
[2026-06-15 11:15:14] Extracting field 'description' from chunk for https://www.nike.com/w/mens-fleece-4xh6qznik1
[2026-06-15 11:15:14] description -> ''
[2026-06-15 11:15:14] Extracting field 'ImageUrl' from chunk for https://www.nike.com/w/mens-fleece-4xh6qznik1
[2026-06-15 11:15:14] ImageUrl -> "Recycled Materials Nike Therma Men's Therma-FIT Open Hem Fitness Pants $55.97 $70 20% off Extra 20% w/ SUMMER"
[2026-06-15 11:15:14] Extracting field 'Color' from chunk for https://www.nike.com/w/mens-fleece-4xh6qznik1
[2026-06-15 11:15:14] Color -> "Recycled Materials Nike Therma Men's Therma-FIT Open Hem Fitness Pants $55.97 $70 20% off Extra 20% w/ SUMMER"
[2026-06-15 11:15:14] Extracting field 'name' from chunk for https://www.nike.com/w/mens-fleece-4xh6qznik1
[2026-06-15 11:15:14] name -> "Nike Tech Men's Shori Loose Pants"
[2026-06-15 11:15:14] Extracting field 'price' from chunk for https://www.nike.com/w/mens-fleece-4xh6qznik1
[2026-06-15 11:15:14] price -> '$87.97 $120 26% off'
[2026-06-15 11:15:14] Extracting field 'description' from chunk for https://www.nike.com/w/mens-fleece-4xh6qznik1
[2026-06-15 11:15:14] description -> ''
[2026-06-15 11:15:14] Extracting field 'ImageUrl' from chunk for https://www.nike.com/w/mens-fleece-4xh6qznik1
[2026-06-15 11:15:14] ImageUrl -> "Nike Tech Men's Shori Loose Pants $87.97 $120 26% off Extra 20% w/ SUMMER"
[2026-06-15 11:15:14] Extracting field 'Color' from chunk for https://www.nike.com/w/mens-fleece-4xh6qznik1
[2026-06-15 11:15:14] Color -> "Nike Tech Men's Shori Loose Pants $87.97 $120 26% off Extra 20% w/ SUMMER"
[2026-06-15 11:15:14] Extracting field 'name' from chunk for https://www.nike.com/w/mens-fleece-4xh6qznik1
[2026-06-15 11:15:14] name -> "Nike Solo Swoosh Men's Pullover Hoodie"
[2026-06-15 11:15:14] Extracting field 'price' from chunk for https://www.nike.com/w/mens-fleece-4xh6qznik1
[2026-06-15 11:15:14] price -> '$71.97 $95 24% off'
[2026-06-15 11:15:14] Extracting field 'description' from chunk for https://www.nike.com/w/mens-fleece-4xh6qznik1
[2026-06-15 11:15:14] description -> ''
[2026-06-15 11:15:14] Extracting field 'ImageUrl' from chunk for https://www.nike.com/w/mens-fleece-4xh6qznik1
[2026-06-15 11:15:14] ImageUrl -> ''
[2026-06-15 11:15:14] Extracting field 'Color' from chunk for https://www.nike.com/w/mens-fleece-4xh6qznik1
[2026-06-15 11:15:14] Color -> 'Extra 20% w/ SUMMER'
[2026-06-15 11:15:14] Extracting field 'name' from chunk for https://www.nike.com/w/mens-fleece-4xh6qznik1
[2026-06-15 11:15:14] name -> "Nike Club Men's Joggers"
[2026-06-15 11:15:14] Extracting field 'price' from chunk for https://www.nike.com/w/mens-fleece-4xh6qznik1
[2026-06-15 11:15:14] price -> '$52.97 $65 18% off'
[2026-06-15 11:15:14] Extracting field 'description' from chunk for https://www.nike.com/w/mens-fleece-4xh6qznik1
[2026-06-15 11:15:14] description -> ''
[2026-06-15 11:15:14] Extracting field 'ImageUrl' from chunk for https://www.nike.com/w/mens-fleece-4xh6qznik1
[2026-06-15 11:15:14] ImageUrl -> "Best Seller Nike Club Men's Joggers $52.97 $65 18% off Extra 20% w/ SUMMER"
[2026-06-15 11:15:14] Extracting field 'Color' from chunk for https://www.nike.com/w/mens-fleece-4xh6qznik1
[2026-06-15 11:15:14] Color -> "Best Seller Nike Club Men's Joggers $52.97 $65 18% off Extra 20% w/ SUMMER"
[2026-06-15 11:15:14] Extracting field 'name' from chunk for https://www.nike.com/w/mens-fleece-4xh6qznik1
[2026-06-15 11:15:14] name -> "Nike Swoosh Men's Dri-FIT Fleece Fitness Joggers"
[2026-06-15 11:15:14] Extracting field 'price' from chunk for https://www.nike.com/w/mens-fleece-4xh6qznik1
[2026-06-15 11:15:14] price -> '$58.97 $75 21% off'
[2026-06-15 11:15:14] Extracting field 'description' from chunk for https://www.nike.com/w/mens-fleece-4xh6qznik1
[2026-06-15 11:15:14] description -> ''
[2026-06-15 11:15:14] Extracting field 'ImageUrl' from chunk for https://www.nike.com/w/mens-fleece-4xh6qznik1
[2026-06-15 11:15:14] ImageUrl -> "Recycled Materials Nike Swoosh Men's Dri-FIT Fleece Fitness Joggers $58.97 $75 21% off Extra 20% w/ SUMMER"
[2026-06-15 11:15:14] Extracting field 'Color' from chunk for https://www.nike.com/w/mens-fleece-4xh6qznik1
[2026-06-15 11:15:14] Color -> "Recycled Materials Nike Swoosh Men's Dri-FIT Fleece Fitness Joggers $58.97 $75 21% off Extra 20% w/ SUMMER"
[2026-06-15 11:15:14] Extracting field 'name' from chunk for https://www.nike.com/w/mens-fleece-4xh6qznik1
[2026-06-15 11:15:14] name -> "Nike Tech Men's Fleece Joggers with Reflective Accents"
[2026-06-15 11:15:14] Extracting field 'price' from chunk for https://www.nike.com/w/mens-fleece-4xh6qznik1
[2026-06-15 11:15:14] price -> '$75.97 $125 39% off'
[2026-06-15 11:15:14] Extracting field 'description' from chunk for https://www.nike.com/w/mens-fleece-4xh6qznik1
[2026-06-15 11:15:14] description -> ''
[2026-06-15 11:15:14] Extracting field 'ImageUrl' from chunk for https://www.nike.com/w/mens-fleece-4xh6qznik1
[2026-06-15 11:15:14] ImageUrl -> "Nike Tech Men's Fleece Joggers with Reflective Accents $75.97 $125 39% off"
[2026-06-15 11:15:14] Extracting field 'Color' from chunk for https://www.nike.com/w/mens-fleece-4xh6qznik1
[2026-06-15 11:15:14] Color -> "Nike Tech Men's Fleece Joggers with Reflective Accents $75.97 $125 39% off"
[2026-06-15 11:15:14] Extracting field 'name' from chunk for https://www.nike.com/w/mens-fleece-4xh6qznik1
[2026-06-15 11:15:14] name -> "Nike Standard Issue Men's Therma-FIT Brushed Basketball Pullover Hoodie"
[2026-06-15 11:15:14] Extracting field 'price' from chunk for https://www.nike.com/w/mens-fleece-4xh6qznik1
[2026-06-15 11:15:14] price -> '$64.97 $85 23% off'
[2026-06-15 11:15:14] Extracting field 'description' from chunk for https://www.nike.com/w/mens-fleece-4xh6qznik1
[2026-06-15 11:15:14] description -> ''
[2026-06-15 11:15:14] Extracting field 'ImageUrl' from chunk for https://www.nike.com/w/mens-fleece-4xh6qznik1
[2026-06-15 11:15:14] ImageUrl -> "Recycled Materials Nike Standard Issue Men's Therma-FIT Brushed Basketball Pullover Hoodie $64.97 $85 23% off Extra 20% w/ SUMMER"
[2026-06-15 11:15:14] Extracting field 'Color' from chunk for https://www.nike.com/w/mens-fleece-4xh6qznik1
[2026-06-15 11:15:14] Color -> "Recycled Materials Nike Standard Issue Men's Therma-FIT Brushed Basketball Pullover Hoodie $64.97 $85 23% off Extra 20% w/ SUMMER"
[2026-06-15 11:15:14] Extracting field 'name' from chunk for https://www.nike.com/w/mens-fleece-4xh6qznik1
[2026-06-15 11:15:14] name -> "Jordan Flight Fleece Men's Pants"
[2026-06-15 11:15:14] Extracting field 'price' from chunk for https://www.nike.com/w/mens-fleece-4xh6qznik1
[2026-06-15 11:15:14] price -> '$58.97 $90 34% off'
[2026-06-15 11:15:14] Extracting field 'description' from chunk for https://www.nike.com/w/mens-fleece-4xh6qznik1
[2026-06-15 11:15:14] description -> ''
[2026-06-15 11:15:14] Extracting field 'ImageUrl' from chunk for https://www.nike.com/w/mens-fleece-4xh6qznik1
[2026-06-15 11:15:14] ImageUrl -> ''
[2026-06-15 11:15:14] Extracting field 'Color' from chunk for https://www.nike.com/w/mens-fleece-4xh6qznik1
[2026-06-15 11:15:14] Color -> ''
[2026-06-15 11:15:14] Extracting field 'name' from chunk for https://www.nike.com/w/mens-fleece-4xh6qznik1
[2026-06-15 11:15:14] name -> "Nike Standard Issue Men's Therma-FIT Pullover Basketball Hoodie"
[2026-06-15 11:15:14] Extracting field 'price' from chunk for https://www.nike.com/w/mens-fleece-4xh6qznik1
[2026-06-15 11:15:14] price -> '$71.97 $95 24% off'
[2026-06-15 11:15:14] Extracting field 'description' from chunk for https://www.nike.com/w/mens-fleece-4xh6qznik1
[2026-06-15 11:15:14] description -> ''
[2026-06-15 11:15:14] Extracting field 'ImageUrl' from chunk for https://www.nike.com/w/mens-fleece-4xh6qznik1
[2026-06-15 11:15:14] ImageUrl -> ''
[2026-06-15 11:15:14] Extracting field 'Color' from chunk for https://www.nike.com/w/mens-fleece-4xh6qznik1
[2026-06-15 11:15:14] Color -> 'Extra 20% w/ SUMMER'
[2026-06-15 11:15:14] Extracting field 'name' from chunk for https://www.nike.com/w/mens-fleece-4xh6qznik1
[2026-06-15 11:15:14] name -> "Nike Sportswear Club Men's Fleece Joggers"
[2026-06-15 11:15:14] Extracting field 'price' from chunk for https://www.nike.com/w/mens-fleece-4xh6qznik1
[2026-06-15 11:15:14] price -> '$58.97 $75 21% off'
[2026-06-15 11:15:14] Extracting field 'description' from chunk for https://www.nike.com/w/mens-fleece-4xh6qznik1
[2026-06-15 11:15:14] description -> ''
[2026-06-15 11:15:14] Extracting field 'ImageUrl' from chunk for https://www.nike.com/w/mens-fleece-4xh6qznik1
[2026-06-15 11:15:14] ImageUrl -> ''
[2026-06-15 11:15:14] Extracting field 'Color' from chunk for https://www.nike.com/w/mens-fleece-4xh6qznik1
[2026-06-15 11:15:14] Color -> 'Extra 20% w/ SUMMER'
[2026-06-15 11:15:14] Extracting field 'name' from chunk for https://www.nike.com/w/mens-fleece-4xh6qznik1
[2026-06-15 11:15:14] name -> "Nike Therma Men's Therma-FIT Tapered Fitness Pants"
[2026-06-15 11:15:14] Extracting field 'price' from chunk for https://www.nike.com/w/mens-fleece-4xh6qznik1
[2026-06-15 11:15:14] price -> '$55.97 $70 20% off'
[2026-06-15 11:15:14] Extracting field 'description' from chunk for https://www.nike.com/w/mens-fleece-4xh6qznik1
[2026-06-15 11:15:14] description -> ''
[2026-06-15 11:15:14] Extracting field 'ImageUrl' from chunk for https://www.nike.com/w/mens-fleece-4xh6qznik1
[2026-06-15 11:15:14] ImageUrl -> ''
[2026-06-15 11:15:14] Extracting field 'Color' from chunk for https://www.nike.com/w/mens-fleece-4xh6qznik1
[2026-06-15 11:15:14] Color -> 'Recycled Materials'
[2026-06-15 11:15:14] Extracting field 'name' from chunk for https://www.nike.com/w/mens-fleece-4xh6qznik1
[2026-06-15 11:15:14] name -> "Nike Club Men's Pullover Fleece Hoodie"
[2026-06-15 11:15:14] Extracting field 'price' from chunk for https://www.nike.com/w/mens-fleece-4xh6qznik1
[2026-06-15 11:15:14] price -> '$55.97 $70 20% off'
[2026-06-15 11:15:14] Extracting field 'description' from chunk for https://www.nike.com/w/mens-fleece-4xh6qznik1
[2026-06-15 11:15:14] description -> ''
[2026-06-15 11:15:14] Extracting field 'ImageUrl' from chunk for https://www.nike.com/w/mens-fleece-4xh6qznik1
[2026-06-15 11:15:14] ImageUrl -> "Best Seller Nike Club Men's Pullover Fleece Hoodie $55.97 $70 20% off Extra 20% w/ SUMMER"
[2026-06-15 11:15:14] Extracting field 'Color' from chunk for https://www.nike.com/w/mens-fleece-4xh6qznik1
[2026-06-15 11:15:14] Color -> "Best Seller Nike Club Men's Pullover Fleece Hoodie $55.97 $70 20% off Extra 20% w/ SUMMER"
[2026-06-15 11:15:14] Extracting field 'name' from chunk for https://www.nike.com/w/mens-fleece-4xh6qznik1
[2026-06-15 11:15:14] name -> "Nike Sportswear Club Men's Fleece Bungee Pants"
[2026-06-15 11:15:14] Extracting field 'price' from chunk for https://www.nike.com/w/mens-fleece-4xh6qznik1
[2026-06-15 11:15:14] price -> '$52.97 $65 18% off'
[2026-06-15 11:15:14] Extracting field 'description' from chunk for https://www.nike.com/w/mens-fleece-4xh6qznik1
[2026-06-15 11:15:14] description -> ''
[2026-06-15 11:15:14] Extracting field 'ImageUrl' from chunk for https://www.nike.com/w/mens-fleece-4xh6qznik1
[2026-06-15 11:15:14] ImageUrl -> "Nike Sportswear Club Men's Fleece Bungee Pants $52.97 $65 18% off Extra 20% w/ SUMMER"
[2026-06-15 11:15:14] Extracting field 'Color' from chunk for https://www.nike.com/w/mens-fleece-4xh6qznik1
[2026-06-15 11:15:14] Color -> "Nike Sportswear Club Men's Fleece Bungee Pants $52.97 $65 18% off Extra 20% w/ SUMMER"
[2026-06-15 11:15:14] Extracting field 'name' from chunk for https://www.nike.com/w/mens-fleece-4xh6qznik1
[2026-06-15 11:15:14] name -> "Nike Tech Men's Full-Zip Fleece Windrunner Jacket with Reflective Accents"
[2026-06-15 11:15:14] Extracting field 'price' from chunk for https://www.nike.com/w/mens-fleece-4xh6qznik1
[2026-06-15 11:15:14] price -> '$108.97 $145 24% off'
[2026-06-15 11:15:14] Extracting field 'description' from chunk for https://www.nike.com/w/mens-fleece-4xh6qznik1
[2026-06-15 11:15:14] description -> ''
[2026-06-15 11:15:15] Extracting field 'ImageUrl' from chunk for https://www.nike.com/w/mens-fleece-4xh6qznik1
[2026-06-15 11:15:15] ImageUrl -> ''
[2026-06-15 11:15:15] Extracting field 'Color' from chunk for https://www.nike.com/w/mens-fleece-4xh6qznik1
[2026-06-15 11:15:15] Color -> 'Extra 20% w/ SUMMER'
[2026-06-15 11:15:15] Extracting field 'name' from chunk for https://www.nike.com/w/mens-fleece-4xh6qznik1
[2026-06-15 11:15:15] name -> "Nike Primary Fleece Men's Dri-FIT UV Full-Zip Performance Hoodie"
[2026-06-15 11:15:15] Extracting field 'price' from chunk for https://www.nike.com/w/mens-fleece-4xh6qznik1
[2026-06-15 11:15:15] price -> '$68.97 $90 23% off'
[2026-06-15 11:15:15] Extracting field 'description' from chunk for https://www.nike.com/w/mens-fleece-4xh6qznik1
[2026-06-15 11:15:15] description -> ''
[2026-06-15 11:15:15] Extracting field 'ImageUrl' from chunk for https://www.nike.com/w/mens-fleece-4xh6qznik1
[2026-06-15 11:15:15] ImageUrl -> "Recycled Materials Nike Primary Fleece Men's Dri-FIT UV Full-Zip Performance Hoodie $68.97 $90 23% off Extra 20% w/ SUMMER"
[2026-06-15 11:15:15] Extracting field 'Color' from chunk for https://www.nike.com/w/mens-fleece-4xh6qznik1
[2026-06-15 11:15:15] Color -> "Recycled Materials Nike Primary Fleece Men's Dri-FIT UV Full-Zip Performance Hoodie $68.97 $90 23% off Extra 20% w/ SUMMER"
[2026-06-15 11:15:15] Extracting field 'name' from chunk for https://www.nike.com/w/mens-fleece-4xh6qznik1
[2026-06-15 11:15:15] name -> "Nike Standard Issue Men's Therma-FIT Pullover Basketball Hoodie"
[2026-06-15 11:15:15] Extracting field 'price' from chunk for https://www.nike.com/w/mens-fleece-4xh6qznik1
[2026-06-15 11:15:15] price -> '$71.97 $95 24% off'
[2026-06-15 11:15:15] Extracting field 'description' from chunk for https://www.nike.com/w/mens-fleece-4xh6qznik1
[2026-06-15 11:15:15] description -> ''
[2026-06-15 11:15:15] Extracting field 'ImageUrl' from chunk for https://www.nike.com/w/mens-fleece-4xh6qznik1
[2026-06-15 11:15:15] ImageUrl -> ''
[2026-06-15 11:15:15] Extracting field 'Color' from chunk for https://www.nike.com/w/mens-fleece-4xh6qznik1
[2026-06-15 11:15:15] Color -> 'Extra 20% w/ SUMMER'
[2026-06-15 11:15:15] Extracting field 'name' from chunk for https://www.nike.com/w/mens-fleece-4xh6qznik1
[2026-06-15 11:15:15] name -> "Nike Sportswear Club Men's Full-Zip Fleece Hoodie"
[2026-06-15 11:15:15] Extracting field 'price' from chunk for https://www.nike.com/w/mens-fleece-4xh6qznik1
[2026-06-15 11:15:15] price -> '$64.97 $85 23% off'
[2026-06-15 11:15:15] Extracting field 'description' from chunk for https://www.nike.com/w/mens-fleece-4xh6qznik1
[2026-06-15 11:15:15] description -> ''
[2026-06-15 11:15:15] Extracting field 'ImageUrl' from chunk for https://www.nike.com/w/mens-fleece-4xh6qznik1
[2026-06-15 11:15:15] ImageUrl -> "Nike Sportswear Club Men's Full-Zip Fleece Hoodie $64.97 $85 23% off Extra 20% w/ SUMMER"
[2026-06-15 11:15:15] Extracting field 'Color' from chunk for https://www.nike.com/w/mens-fleece-4xh6qznik1
[2026-06-15 11:15:15] Color -> "Nike Sportswear Club Men's Full-Zip Fleece Hoodie $64.97 $85 23% off Extra 20% w/ SUMMER"
[2026-06-15 11:15:15] Extracting field 'name' from chunk for https://www.nike.com/w/mens-fleece-4xh6qznik1
[2026-06-15 11:15:15] name -> "Nike Sportswear Club Men's Fleece Crew-Neck Sweatshirt"
[2026-06-15 11:15:15] Extracting field 'price' from chunk for https://www.nike.com/w/mens-fleece-4xh6qznik1
[2026-06-15 11:15:15] price -> '$55.97 $70 20% off'
[2026-06-15 11:15:15] Extracting field 'description' from chunk for https://www.nike.com/w/mens-fleece-4xh6qznik1
[2026-06-15 11:15:15] description -> ''
[2026-06-15 11:15:15] Extracting field 'ImageUrl' from chunk for https://www.nike.com/w/mens-fleece-4xh6qznik1
[2026-06-15 11:15:15] ImageUrl -> ''
[2026-06-15 11:15:15] Extracting field 'Color' from chunk for https://www.nike.com/w/mens-fleece-4xh6qznik1
[2026-06-15 11:15:15] Color -> 'Extra 20% w/ SUMMER'
[2026-06-15 11:15:15] Extracting field 'name' from chunk for https://www.nike.com/w/mens-fleece-4xh6qznik1
[2026-06-15 11:15:15] name -> "Ja Men's Therma-FIT Pullover Basketball Hoodie"
[2026-06-15 11:15:15] Extracting field 'price' from chunk for https://www.nike.com/w/mens-fleece-4xh6qznik1
[2026-06-15 11:15:15] price -> '$74.97 $100 25% off'
[2026-06-15 11:15:15] Extracting field 'description' from chunk for https://www.nike.com/w/mens-fleece-4xh6qznik1
[2026-06-15 11:15:15] description -> ''
[2026-06-15 11:15:15] Extracting field 'ImageUrl' from chunk for https://www.nike.com/w/mens-fleece-4xh6qznik1
[2026-06-15 11:15:15] ImageUrl -> ''
[2026-06-15 11:15:15] Extracting field 'Color' from chunk for https://www.nike.com/w/mens-fleece-4xh6qznik1
[2026-06-15 11:15:15] Color -> 'Extra 20% w/ SUMMER'
[2026-06-15 11:15:15] Extracting field 'name' from chunk for https://www.nike.com/w/mens-fleece-4xh6qznik1
[2026-06-15 11:15:15] name -> "Nike Air Men's Fleece Pullover Hoodie"
[2026-06-15 11:15:15] Extracting field 'price' from chunk for https://www.nike.com/w/mens-fleece-4xh6qznik1
[2026-06-15 11:15:15] price -> '$58.97 $80 26% off'
[2026-06-15 11:15:15] Extracting field 'description' from chunk for https://www.nike.com/w/mens-fleece-4xh6qznik1
[2026-06-15 11:15:15] description -> ''
[2026-06-15 11:15:15] Extracting field 'ImageUrl' from chunk for https://www.nike.com/w/mens-fleece-4xh6qznik1
[2026-06-15 11:15:15] ImageUrl -> ''
[2026-06-15 11:15:15] Extracting field 'Color' from chunk for https://www.nike.com/w/mens-fleece-4xh6qznik1
[2026-06-15 11:15:15] Color -> ''
[2026-06-15 11:15:15] Extracting field 'name' from chunk for https://www.nike.com/w/mens-fleece-4xh6qznik1
[2026-06-15 11:15:15] name -> "Nike Therma-FIT Tech Fleece Men's Gloves"
[2026-06-15 11:15:15] Extracting field 'price' from chunk for https://www.nike.com/w/mens-fleece-4xh6qznik1
[2026-06-15 11:15:15] price -> '$36.97 $40'
[2026-06-15 11:15:15] Extracting field 'description' from chunk for https://www.nike.com/w/mens-fleece-4xh6qznik1
[2026-06-15 11:15:15] description -> ''
[2026-06-15 11:15:15] Extracting field 'ImageUrl' from chunk for https://www.nike.com/w/mens-fleece-4xh6qznik1
[2026-06-15 11:15:15] ImageUrl -> ''
[2026-06-15 11:15:15] Extracting field 'Color' from chunk for https://www.nike.com/w/mens-fleece-4xh6qznik1
[2026-06-15 11:15:15] Color -> 'Extra 20% w/ SUMMER'
[2026-06-15 11:15:15] Extracting field 'name' from chunk for https://www.nike.com/w/mens-fleece-4xh6qznik1
[2026-06-15 11:15:15] name -> "Nike Sportswear Club Men's Fleece Crew"
[2026-06-15 11:15:15] Extracting field 'price' from chunk for https://www.nike.com/w/mens-fleece-4xh6qznik1
[2026-06-15 11:15:15] price -> '$44.97 $70 35% off'
[2026-06-15 11:15:15] Extracting field 'description' from chunk for https://www.nike.com/w/mens-fleece-4xh6qznik1
[2026-06-15 11:15:15] description -> ''
[2026-06-15 11:15:15] Extracting field 'ImageUrl' from chunk for https://www.nike.com/w/mens-fleece-4xh6qznik1
[2026-06-15 11:15:15] ImageUrl -> ''
[2026-06-15 11:15:15] Extracting field 'Color' from chunk for https://www.nike.com/w/mens-fleece-4xh6qznik1
[2026-06-15 11:15:15] Color -> ''
[2026-06-15 11:15:15] Extracting field 'name' from chunk for https://www.nike.com/w/mens-fleece-4xh6qznik1
[2026-06-15 11:15:15] name -> "LeBron Men's Nike Pants"
[2026-06-15 11:15:15] Extracting field 'price' from chunk for https://www.nike.com/w/mens-fleece-4xh6qznik1
[2026-06-15 11:15:15] price -> '$118.97 $170 30% off'
[2026-06-15 11:15:15] Extracting field 'description' from chunk for https://www.nike.com/w/mens-fleece-4xh6qznik1
[2026-06-15 11:15:15] description -> ''
[2026-06-15 11:15:15] Extracting field 'ImageUrl' from chunk for https://www.nike.com/w/mens-fleece-4xh6qznik1
[2026-06-15 11:15:15] ImageUrl -> ''
[2026-06-15 11:15:15] Extracting field 'Color' from chunk for https://www.nike.com/w/mens-fleece-4xh6qznik1
[2026-06-15 11:15:15] Color -> 'Recycled Materials'
[2026-06-15 11:15:15] Extracting field 'name' from chunk for https://www.nike.com/w/mens-fleece-4xh6qznik1
[2026-06-15 11:15:15] name -> 'Nike SB Fleece Full-Zip Skate Hoodie'
[2026-06-15 11:15:15] Extracting field 'price' from chunk for https://www.nike.com/w/mens-fleece-4xh6qznik1
[2026-06-15 11:15:15] price -> '$80.97 $100 19% off'
[2026-06-15 11:15:15] Extracting field 'description' from chunk for https://www.nike.com/w/mens-fleece-4xh6qznik1
[2026-06-15 11:15:15] description -> ''
[2026-06-15 11:15:15] Extracting field 'ImageUrl' from chunk for https://www.nike.com/w/mens-fleece-4xh6qznik1
[2026-06-15 11:15:15] ImageUrl -> ''
[2026-06-15 11:15:15] Extracting field 'Color' from chunk for https://www.nike.com/w/mens-fleece-4xh6qznik1
[2026-06-15 11:15:15] Color -> 'Extra 20% w/ SUMMER'
[2026-06-15 11:15:15] Extracting field 'name' from chunk for https://www.nike.com/w/mens-fleece-4xh6qznik1
[2026-06-15 11:15:15] name -> "Nike Air Men's Fleece Shorts"
[2026-06-15 11:15:15] Extracting field 'price' from chunk for https://www.nike.com/w/mens-fleece-4xh6qznik1
[2026-06-15 11:15:15] price -> '$52.97 $65 18% off'
[2026-06-15 11:15:15] Extracting field 'description' from chunk for https://www.nike.com/w/mens-fleece-4xh6qznik1
[2026-06-15 11:15:15] description -> ''
[2026-06-15 11:15:15] Extracting field 'ImageUrl' from chunk for https://www.nike.com/w/mens-fleece-4xh6qznik1
[2026-06-15 11:15:15] ImageUrl -> ''
[2026-06-15 11:15:15] Extracting field 'Color' from chunk for https://www.nike.com/w/mens-fleece-4xh6qznik1
[2026-06-15 11:15:15] Color -> 'Extra 20% w/ SUMMER'
[2026-06-15 11:15:15] Extracting field 'name' from chunk for https://www.nike.com/w/mens-fleece-4xh6qznik1
[2026-06-15 11:15:15] name -> "Nike Primary Fleece Men's Dri-FIT UV Tapered Performance Pants"
[2026-06-15 11:15:15] Extracting field 'price' from chunk for https://www.nike.com/w/mens-fleece-4xh6qznik1
[2026-06-15 11:15:15] price -> '$61.97 $80 22% off'
[2026-06-15 11:15:15] Extracting field 'description' from chunk for https://www.nike.com/w/mens-fleece-4xh6qznik1
[2026-06-15 11:15:15] description -> ''
[2026-06-15 11:15:15] Extracting field 'ImageUrl' from chunk for https://www.nike.com/w/mens-fleece-4xh6qznik1
[2026-06-15 11:15:15] ImageUrl -> "Recycled Materials Nike Primary Fleece Men's Dri-FIT UV Tapered Performance Pants $61.97 $80 22% off Extra 20% w/ SUMMER"
[2026-06-15 11:15:15] Extracting field 'Color' from chunk for https://www.nike.com/w/mens-fleece-4xh6qznik1
[2026-06-15 11:15:15] Color -> "Recycled Materials Nike Primary Fleece Men's Dri-FIT UV Tapered Performance Pants $61.97 $80 22% off Extra 20% w/ SUMMER"
[2026-06-15 11:15:15] Extracting field 'name' from chunk for https://www.nike.com/w/mens-fleece-4xh6qznik1
[2026-06-15 11:15:15] name -> "Jordan Brooklyn Fleece Men's Graphic Pullover Hoodie"
[2026-06-15 11:15:15] Extracting field 'price' from chunk for https://www.nike.com/w/mens-fleece-4xh6qznik1
[2026-06-15 11:15:15] price -> '$58.97 $75 21% off'
[2026-06-15 11:15:15] Extracting field 'description' from chunk for https://www.nike.com/w/mens-fleece-4xh6qznik1
[2026-06-15 11:15:15] description -> ''
[2026-06-15 11:15:15] Extracting field 'ImageUrl' from chunk for https://www.nike.com/w/mens-fleece-4xh6qznik1
[2026-06-15 11:15:15] ImageUrl -> ''
[2026-06-15 11:15:15] Extracting field 'Color' from chunk for https://www.nike.com/w/mens-fleece-4xh6qznik1
[2026-06-15 11:15:15] Color -> 'Extra 20% w/ SUMMER'
[2026-06-15 11:15:15] Extracting field 'name' from chunk for https://www.nike.com/w/mens-fleece-4xh6qznik1
[2026-06-15 11:15:15] name -> "Jordan Brooklyn Men's Oversized Full-Zip Hoodie"
[2026-06-15 11:15:15] Extracting field 'price' from chunk for https://www.nike.com/w/mens-fleece-4xh6qznik1
[2026-06-15 11:15:15] price -> '$64.97 $85 23% off'
[2026-06-15 11:15:15] Extracting field 'description' from chunk for https://www.nike.com/w/mens-fleece-4xh6qznik1
[2026-06-15 11:15:15] description -> ''
[2026-06-15 11:15:15] Extracting field 'ImageUrl' from chunk for https://www.nike.com/w/mens-fleece-4xh6qznik1
[2026-06-15 11:15:15] ImageUrl -> ''
[2026-06-15 11:15:15] Extracting field 'Color' from chunk for https://www.nike.com/w/mens-fleece-4xh6qznik1
[2026-06-15 11:15:15] Color -> ''
[2026-06-15 11:15:15] Extracting field 'name' from chunk for https://www.nike.com/w/mens-fleece-4xh6qznik1
[2026-06-15 11:15:15] name -> "Jordan Flight Fleece Men's Pullover Hoodie"
[2026-06-15 11:15:15] Extracting field 'price' from chunk for https://www.nike.com/w/mens-fleece-4xh6qznik1
[2026-06-15 11:15:15] price -> '$74.97 $100 25% off'
[2026-06-15 11:15:15] Extracting field 'description' from chunk for https://www.nike.com/w/mens-fleece-4xh6qznik1
[2026-06-15 11:15:15] description -> ''
[2026-06-15 11:15:15] Extracting field 'ImageUrl' from chunk for https://www.nike.com/w/mens-fleece-4xh6qznik1
[2026-06-15 11:15:15] ImageUrl -> ''
[2026-06-15 11:15:15] Extracting field 'Color' from chunk for https://www.nike.com/w/mens-fleece-4xh6qznik1
[2026-06-15 11:15:15] Color -> 'Extra 20% w/ SUMMER'
[2026-06-15 11:15:15] Extracting field 'name' from chunk for https://www.nike.com/w/mens-fleece-4xh6qznik1
[2026-06-15 11:15:15] name -> "Jordan Sport Crossover Men's Fleece Pullover Hoodie"
[2026-06-15 11:15:15] Extracting field 'price' from chunk for https://www.nike.com/w/mens-fleece-4xh6qznik1
[2026-06-15 11:15:15] price -> '$60.97 $78 21% off'
[2026-06-15 11:15:15] Extracting field 'description' from chunk for https://www.nike.com/w/mens-fleece-4xh6qznik1
[2026-06-15 11:15:15] description -> ''
[2026-06-15 11:15:15] Extracting field 'ImageUrl' from chunk for https://www.nike.com/w/mens-fleece-4xh6qznik1
[2026-06-15 11:15:15] ImageUrl -> "Jordan Sport Crossover Men's Fleece Pullover Hoodie $60.97 $78 21% off Extra 20% w/ SUMMER"
[2026-06-15 11:15:15] Extracting field 'Color' from chunk for https://www.nike.com/w/mens-fleece-4xh6qznik1
[2026-06-15 11:15:15] Color -> "Jordan Sport Crossover Men's Fleece Pullover Hoodie $60.97 $78 21% off Extra 20% w/ SUMMER"
[2026-06-15 11:15:15] Extracting field 'name' from chunk for https://www.nike.com/w/mens-fleece-4xh6qznik1
[2026-06-15 11:15:15] name -> 'Nike Sportswear Club Fleece Pullover Hoodie'
[2026-06-15 11:15:15] Extracting field 'price' from chunk for https://www.nike.com/w/mens-fleece-4xh6qznik1
[2026-06-15 11:15:15] price -> '$42.97 $65 33% off'
[2026-06-15 11:15:15] Extracting field 'description' from chunk for https://www.nike.com/w/mens-fleece-4xh6qznik1
[2026-06-15 11:15:15] description -> ''
[2026-06-15 11:15:15] Extracting field 'ImageUrl' from chunk for https://www.nike.com/w/mens-fleece-4xh6qznik1
[2026-06-15 11:15:15] ImageUrl -> 'Nike Sportswear Club Fleece Pullover Hoodie $42.97 $65 33% off'
[2026-06-15 11:15:15] Extracting field 'Color' from chunk for https://www.nike.com/w/mens-fleece-4xh6qznik1
[2026-06-15 11:15:15] Color -> 'Nike Sportswear Club Fleece Pullover Hoodie $42.97 $65 33% off'
[2026-06-15 11:15:15] Extracting field 'name' from chunk for https://www.nike.com/w/mens-fleece-4xh6qznik1
[2026-06-15 11:15:15] name -> "Nike Swoosh Men's Dri-FIT French Terry Pullover Fitness Hoodie"
[2026-06-15 11:15:15] Extracting field 'price' from chunk for https://www.nike.com/w/mens-fleece-4xh6qznik1
[2026-06-15 11:15:15] price -> '$58.97 $75 21% off'
[2026-06-15 11:15:15] Extracting field 'description' from chunk for https://www.nike.com/w/mens-fleece-4xh6qznik1
[2026-06-15 11:15:15] description -> ''
[2026-06-15 11:15:15] Extracting field 'ImageUrl' from chunk for https://www.nike.com/w/mens-fleece-4xh6qznik1
[2026-06-15 11:15:15] ImageUrl -> "Nike Swoosh Men's Dri-FIT French Terry Pullover Fitness Hoodie $58.97 $75 21% off Extra 20% w/ SUMMER"
[2026-06-15 11:15:15] Extracting field 'Color' from chunk for https://www.nike.com/w/mens-fleece-4xh6qznik1
[2026-06-15 11:15:15] Color -> "Nike Swoosh Men's Dri-FIT French Terry Pullover Fitness Hoodie $58.97 $75 21% off Extra 20% w/ SUMMER"
[2026-06-15 11:15:15] Extracting field 'name' from chunk for https://www.nike.com/w/mens-fleece-4xh6qznik1
[2026-06-15 11:15:15] name -> "Kobe Men's Dri-FIT Fleece Pullover Basketball Hoodie"
[2026-06-15 11:15:15] Extracting field 'price' from chunk for https://www.nike.com/w/mens-fleece-4xh6qznik1
[2026-06-15 11:15:15] price -> '$66.97 $110 39% off'
[2026-06-15 11:15:15] Extracting field 'description' from chunk for https://www.nike.com/w/mens-fleece-4xh6qznik1
[2026-06-15 11:15:15] description -> ''
[2026-06-15 11:15:15] Extracting field 'ImageUrl' from chunk for https://www.nike.com/w/mens-fleece-4xh6qznik1
[2026-06-15 11:15:15] ImageUrl -> ''
[2026-06-15 11:15:15] Extracting field 'Color' from chunk for https://www.nike.com/w/mens-fleece-4xh6qznik1
[2026-06-15 11:15:15] Color -> 'Recycled Materials'
[2026-06-15 11:15:15] Extracting field 'name' from chunk for https://www.nike.com/w/mens-fleece-4xh6qznik1
[2026-06-15 11:15:15] name -> 'Nike Digital Gift Card Emailed in Approximately 2 Hours or Less'
[2026-06-15 11:15:15] Extracting field 'price' from chunk for https://www.nike.com/w/mens-fleece-4xh6qznik1
[2026-06-15 11:15:15] price -> ''
[2026-06-15 11:15:15] Extracting field 'description' from chunk for https://www.nike.com/w/mens-fleece-4xh6qznik1
[2026-06-15 11:15:15] description -> ''
[2026-06-15 11:15:15] Extracting field 'ImageUrl' from chunk for https://www.nike.com/w/mens-fleece-4xh6qznik1
[2026-06-15 11:15:15] ImageUrl -> 'Nike Digital Gift Card Emailed in Approximately 2 Hours or Less'
[2026-06-15 11:15:15] Extracting field 'Color' from chunk for https://www.nike.com/w/mens-fleece-4xh6qznik1
[2026-06-15 11:15:15] Color -> 'Nike Digital Gift Card Emailed in Approximately 2 Hours or Less'
[2026-06-15 11:15:15] Extracting field 'name' from chunk for https://www.nike.com/w/mens-fleece-4xh6qznik1
[2026-06-15 11:15:15] name -> "Nike Therma Men's Therma-FIT Hooded Fitness Pullover"
[2026-06-15 11:15:15] Extracting field 'price' from chunk for https://www.nike.com/w/mens-fleece-4xh6qznik1
[2026-06-15 11:15:15] price -> '$52.97 $65 18% off'
[2026-06-15 11:15:15] Extracting field 'description' from chunk for https://www.nike.com/w/mens-fleece-4xh6qznik1
[2026-06-15 11:15:15] description -> ''
[2026-06-15 11:15:15] Extracting field 'ImageUrl' from chunk for https://www.nike.com/w/mens-fleece-4xh6qznik1
[2026-06-15 11:15:15] ImageUrl -> "Recycled Materials Nike Therma Men's Therma-FIT Hooded Fitness Pullover $52.97 $65 18% off Extra 20% w/ SUMMER"
[2026-06-15 11:15:15] Extracting field 'Color' from chunk for https://www.nike.com/w/mens-fleece-4xh6qznik1
[2026-06-15 11:15:15] Color -> "Recycled Materials Nike Therma Men's Therma-FIT Hooded Fitness Pullover $52.97 $65 18% off Extra 20% w/ SUMMER"
[2026-06-15 11:15:15] Extracting field 'name' from chunk for https://www.nike.com/w/mens-fleece-4xh6qznik1
[2026-06-15 11:15:15] name -> "Nike Therma Men's Therma-FIT Full-Zip Fitness Top"
[2026-06-15 11:15:15] Extracting field 'price' from chunk for https://www.nike.com/w/mens-fleece-4xh6qznik1
[2026-06-15 11:15:15] price -> '$58.97 $75 21% off'
[2026-06-15 11:15:15] Extracting field 'description' from chunk for https://www.nike.com/w/mens-fleece-4xh6qznik1
[2026-06-15 11:15:15] description -> ''
[2026-06-15 11:15:15] Extracting field 'ImageUrl' from chunk for https://www.nike.com/w/mens-fleece-4xh6qznik1
[2026-06-15 11:15:15] ImageUrl -> "Recycled Materials Nike Therma Men's Therma-FIT Full-Zip Fitness Top $58.97 $75 21% off Extra 20% w/ SUMMER"
[2026-06-15 11:15:15] Extracting field 'Color' from chunk for https://www.nike.com/w/mens-fleece-4xh6qznik1
[2026-06-15 11:15:15] Color -> "Recycled Materials Nike Therma Men's Therma-FIT Full-Zip Fitness Top $58.97 $75 21% off Extra 20% w/ SUMMER"
[2026-06-15 11:15:15] Extracting field 'name' from chunk for https://www.nike.com/w/mens-fleece-4xh6qznik1
[2026-06-15 11:15:15] name -> "Nike Club Men's French Terry Alumni Shorts"
[2026-06-15 11:15:15] Extracting field 'price' from chunk for https://www.nike.com/w/mens-fleece-4xh6qznik1
[2026-06-15 11:15:15] price -> '$60'
[2026-06-15 11:15:15] Extracting field 'description' from chunk for https://www.nike.com/w/mens-fleece-4xh6qznik1
[2026-06-15 11:15:15] description -> ''
[2026-06-15 11:15:15] Extracting field 'ImageUrl' from chunk for https://www.nike.com/w/mens-fleece-4xh6qznik1
[2026-06-15 11:15:15] ImageUrl -> "Best Seller Nike Club Men's French Terry Alumni Shorts $60 Extra 20% w/ SUMMER"
[2026-06-15 11:15:15] Extracting field 'Color' from chunk for https://www.nike.com/w/mens-fleece-4xh6qznik1
[2026-06-15 11:15:15] Color -> "Best Seller Nike Club Men's French Terry Alumni Shorts $60 Extra 20% w/ SUMMER"
[2026-06-15 11:15:15] Extracting field 'name' from chunk for https://www.nike.com/w/mens-fleece-4xh6qznik1
[2026-06-15 11:15:15] name -> "Nike Club Men's French Terry Flow Shorts"
[2026-06-15 11:15:15] Extracting field 'price' from chunk for https://www.nike.com/w/mens-fleece-4xh6qznik1
[2026-06-15 11:15:15] price -> '$50'
[2026-06-15 11:15:15] Extracting field 'description' from chunk for https://www.nike.com/w/mens-fleece-4xh6qznik1
[2026-06-15 11:15:15] description -> ''
[2026-06-15 11:15:15] Extracting field 'ImageUrl' from chunk for https://www.nike.com/w/mens-fleece-4xh6qznik1
[2026-06-15 11:15:15] ImageUrl -> "Best Seller Nike Club Men's French Terry Flow Shorts $50 Extra 20% w/ SUMMER"
[2026-06-15 11:15:15] Extracting field 'Color' from chunk for https://www.nike.com/w/mens-fleece-4xh6qznik1
[2026-06-15 11:15:15] Color -> "Best Seller Nike Club Men's French Terry Flow Shorts $50 Extra 20% w/ SUMMER"
[2026-06-15 11:15:15] Extracting field 'name' from chunk for https://www.nike.com/w/mens-fleece-4xh6qznik1
[2026-06-15 11:15:15] name -> 'Nike Sportswear Club Fleece Joggers'
[2026-06-15 11:15:15] Extracting field 'price' from chunk for https://www.nike.com/w/mens-fleece-4xh6qznik1
[2026-06-15 11:15:15] price -> '$39.97 $60 33% off'
[2026-06-15 11:15:15] Extracting field 'description' from chunk for https://www.nike.com/w/mens-fleece-4xh6qznik1
[2026-06-15 11:15:15] description -> ''
[2026-06-15 11:15:15] Extracting field 'ImageUrl' from chunk for https://www.nike.com/w/mens-fleece-4xh6qznik1
[2026-06-15 11:15:15] ImageUrl -> 'Nike Sportswear Club Fleece Joggers $39.97 $60 33% off'
[2026-06-15 11:15:15] Extracting field 'Color' from chunk for https://www.nike.com/w/mens-fleece-4xh6qznik1
[2026-06-15 11:15:15] Color -> 'Nike Sportswear Club Fleece Joggers $39.97 $60 33% off'
[2026-06-15 11:15:15] Extracting field 'name' from chunk for https://www.nike.com/w/mens-fleece-4xh6qznik1
[2026-06-15 11:15:15] name -> "Jordan Brooklyn Men's Fleece Realtree Pants"
[2026-06-15 11:15:15] Extracting field 'price' from chunk for https://www.nike.com/w/mens-fleece-4xh6qznik1
[2026-06-15 11:15:15] price -> '$48.97 $75 34% off'
[2026-06-15 11:15:15] Extracting field 'description' from chunk for https://www.nike.com/w/mens-fleece-4xh6qznik1
[2026-06-15 11:15:15] description -> ''
[2026-06-15 11:15:15] Extracting field 'ImageUrl' from chunk for https://www.nike.com/w/mens-fleece-4xh6qznik1
[2026-06-15 11:15:15] ImageUrl -> ''
[2026-06-15 11:15:15] Extracting field 'Color' from chunk for https://www.nike.com/w/mens-fleece-4xh6qznik1
[2026-06-15 11:15:15] Color -> ''
[2026-06-15 11:15:15] Extracting field 'name' from chunk for https://www.nike.com/w/mens-fleece-4xh6qznik1
[2026-06-15 11:15:15] name -> "Nike Club Men's Fleece Shorts"
[2026-06-15 11:15:15] Extracting field 'price' from chunk for https://www.nike.com/w/mens-fleece-4xh6qznik1
[2026-06-15 11:15:15] price -> '$50'
[2026-06-15 11:15:15] Extracting field 'description' from chunk for https://www.nike.com/w/mens-fleece-4xh6qznik1
[2026-06-15 11:15:15] description -> ''
[2026-06-15 11:15:15] Extracting field 'ImageUrl' from chunk for https://www.nike.com/w/mens-fleece-4xh6qznik1
[2026-06-15 11:15:15] ImageUrl -> "Best Seller Nike Club Men's Fleece Shorts $50 Extra 20% w/ SUMMER"
[2026-06-15 11:15:15] Extracting field 'Color' from chunk for https://www.nike.com/w/mens-fleece-4xh6qznik1
[2026-06-15 11:15:15] Color -> "Best Seller Nike Club Men's Fleece Shorts $50 Extra 20% w/ SUMMER"
[2026-06-15 11:15:15] Extracting field 'name' from chunk for https://www.nike.com/w/mens-fleece-4xh6qznik1
[2026-06-15 11:15:15] name -> 'Nike Standard Issue Men\'s Dri-FIT 8" Basketball Shorts'
[2026-06-15 11:15:15] Extracting field 'price' from chunk for https://www.nike.com/w/mens-fleece-4xh6qznik1
[2026-06-15 11:15:15] price -> '$55.97 $70 20% off'
[2026-06-15 11:15:15] Extracting field 'description' from chunk for https://www.nike.com/w/mens-fleece-4xh6qznik1
[2026-06-15 11:15:15] description -> ''
[2026-06-15 11:15:15] Extracting field 'ImageUrl' from chunk for https://www.nike.com/w/mens-fleece-4xh6qznik1
[2026-06-15 11:15:15] ImageUrl -> ''
[2026-06-15 11:15:15] Extracting field 'Color' from chunk for https://www.nike.com/w/mens-fleece-4xh6qznik1
[2026-06-15 11:15:15] Color -> 'Recycled Materials'
[2026-06-15 11:15:15] Extracting field 'name' from chunk for https://www.nike.com/w/mens-fleece-4xh6qznik1
[2026-06-15 11:15:15] name -> "Ja Men's Therma-FIT Basketball Pants"
[2026-06-15 11:15:15] Extracting field 'price' from chunk for https://www.nike.com/w/mens-fleece-4xh6qznik1
[2026-06-15 11:15:15] price -> '$74.97 $100 25% off'
[2026-06-15 11:15:15] Extracting field 'description' from chunk for https://www.nike.com/w/mens-fleece-4xh6qznik1
[2026-06-15 11:15:15] description -> ''
[2026-06-15 11:15:15] Extracting field 'ImageUrl' from chunk for https://www.nike.com/w/mens-fleece-4xh6qznik1
[2026-06-15 11:15:15] ImageUrl -> ''
[2026-06-15 11:15:15] Extracting field 'Color' from chunk for https://www.nike.com/w/mens-fleece-4xh6qznik1
[2026-06-15 11:15:15] Color -> 'Extra 20% w/ SUMMER'
[2026-06-15 11:15:15] Extracting field 'name' from chunk for https://www.nike.com/w/mens-fleece-4xh6qznik1
[2026-06-15 11:15:15] name -> 'Nike ACG "Wolf Tree" Plus Full-Zip Hooded Mid Layer'
[2026-06-15 11:15:15] Extracting field 'price' from chunk for https://www.nike.com/w/mens-fleece-4xh6qznik1
[2026-06-15 11:15:15] price -> '$153.97 $170'
[2026-06-15 11:15:15] Extracting field 'description' from chunk for https://www.nike.com/w/mens-fleece-4xh6qznik1
[2026-06-15 11:15:15] description -> ''
[2026-06-15 11:15:15] Extracting field 'ImageUrl' from chunk for https://www.nike.com/w/mens-fleece-4xh6qznik1
[2026-06-15 11:15:15] ImageUrl -> ''
[2026-06-15 11:15:15] Extracting field 'Color' from chunk for https://www.nike.com/w/mens-fleece-4xh6qznik1
[2026-06-15 11:15:15] Color -> 'Recycled Materials'
[2026-06-15 11:15:15] Extracting field 'name' from chunk for https://www.nike.com/w/mens-fleece-4xh6qznik1
[2026-06-15 11:15:15] name -> "Nike Club Men's French Terry Flow Shorts"
[2026-06-15 11:15:15] Extracting field 'price' from chunk for https://www.nike.com/w/mens-fleece-4xh6qznik1
[2026-06-15 11:15:15] price -> '$43.97 $60 26% off'
[2026-06-15 11:15:15] Extracting field 'description' from chunk for https://www.nike.com/w/mens-fleece-4xh6qznik1
[2026-06-15 11:15:15] description -> ''
[2026-06-15 11:15:15] Extracting field 'ImageUrl' from chunk for https://www.nike.com/w/mens-fleece-4xh6qznik1
[2026-06-15 11:15:15] ImageUrl -> ''
[2026-06-15 11:15:15] Extracting field 'Color' from chunk for https://www.nike.com/w/mens-fleece-4xh6qznik1
[2026-06-15 11:15:15] Color -> ''
[2026-06-15 11:15:15] Extracting field 'name' from chunk for https://www.nike.com/w/mens-fleece-4xh6qznik1
[2026-06-15 11:15:15] name -> "Jordan Sport Crossover Men's Dri-FIT Fleece Pants"
[2026-06-15 11:15:15] Extracting field 'price' from chunk for https://www.nike.com/w/mens-fleece-4xh6qznik1
[2026-06-15 11:15:15] price -> '$56.97 $72 20% off'
[2026-06-15 11:15:15] Extracting field 'description' from chunk for https://www.nike.com/w/mens-fleece-4xh6qznik1
[2026-06-15 11:15:15] description -> ''
[2026-06-15 11:15:15] Extracting field 'ImageUrl' from chunk for https://www.nike.com/w/mens-fleece-4xh6qznik1
[2026-06-15 11:15:15] ImageUrl -> "Best Seller Jordan Sport Crossover Men's Dri-FIT Fleece Pants $56.97 $72 20% off Extra 20% w/ SUMMER"
[2026-06-15 11:15:15] Extracting field 'Color' from chunk for https://www.nike.com/w/mens-fleece-4xh6qznik1
[2026-06-15 11:15:15] Color -> "Best Seller Jordan Sport Crossover Men's Dri-FIT Fleece Pants $56.97 $72 20% off Extra 20% w/ SUMMER"
[2026-06-15 11:15:15] Extracting field 'name' from chunk for https://www.nike.com/w/mens-fleece-4xh6qznik1
[2026-06-15 11:15:15] name -> 'Nike Gift Card Mailed in a Mini Nike Shoebox'
[2026-06-15 11:15:15] Extracting field 'price' from chunk for https://www.nike.com/w/mens-fleece-4xh6qznik1
[2026-06-15 11:15:15] price -> ''
[2026-06-15 11:15:15] Extracting field 'description' from chunk for https://www.nike.com/w/mens-fleece-4xh6qznik1
[2026-06-15 11:15:15] description -> ''
[2026-06-15 11:15:15] Extracting field 'ImageUrl' from chunk for https://www.nike.com/w/mens-fleece-4xh6qznik1
[2026-06-15 11:15:15] ImageUrl -> 'Nike Gift Card Mailed in a Mini Nike Shoebox'
[2026-06-15 11:15:15] Extracting field 'Color' from chunk for https://www.nike.com/w/mens-fleece-4xh6qznik1
[2026-06-15 11:15:15] Color -> 'Nike Gift Card Mailed in a Mini Nike Shoebox'
[2026-06-15 11:15:15] Extracting field 'name' from chunk for https://www.nike.com/w/mens-fleece-4xh6qznik1
[2026-06-15 11:15:15] name -> "Everyone Watches Women's Sports™ Nike by TOGETHXR Pullover Hoodie"
[2026-06-15 11:15:15] Extracting field 'price' from chunk for https://www.nike.com/w/mens-fleece-4xh6qznik1
[2026-06-15 11:15:15] price -> '$74.97 $100 25% off'
[2026-06-15 11:15:15] Extracting field 'description' from chunk for https://www.nike.com/w/mens-fleece-4xh6qznik1
[2026-06-15 11:15:15] description -> ''
[2026-06-15 11:15:15] Extracting field 'ImageUrl' from chunk for https://www.nike.com/w/mens-fleece-4xh6qznik1
[2026-06-15 11:15:15] ImageUrl -> "Everyone Watches Women's Sports™ Nike by TOGETHXR Pullover Hoodie $74.97 $100 25% off Extra 20% w/ SUMMER"
[2026-06-15 11:15:15] Extracting field 'Color' from chunk for https://www.nike.com/w/mens-fleece-4xh6qznik1
[2026-06-15 11:15:15] Color -> "Everyone Watches Women's Sports™ Nike by TOGETHXR Pullover Hoodie $74.97 $100 25% off Extra 20% w/ SUMMER"
[2026-06-15 11:15:15] Extracting field 'name' from chunk for https://www.nike.com/w/mens-fleece-4xh6qznik1
[2026-06-15 11:15:15] name -> "Jordan Brooklyn Fleece Men's Oversized Full-Zip Hoodie"
[2026-06-15 11:15:15] Extracting field 'price' from chunk for https://www.nike.com/w/mens-fleece-4xh6qznik1
[2026-06-15 11:15:15] price -> '$61.97 $80 22% off'
[2026-06-15 11:15:15] Extracting field 'description' from chunk for https://www.nike.com/w/mens-fleece-4xh6qznik1
[2026-06-15 11:15:15] description -> ''
[2026-06-15 11:15:15] Extracting field 'ImageUrl' from chunk for https://www.nike.com/w/mens-fleece-4xh6qznik1
[2026-06-15 11:15:15] ImageUrl -> "Jordan Brooklyn Fleece Men's Oversized Full-Zip Hoodie $61.97 $80 22% off Extra 20% w/ SUMMER"
[2026-06-15 11:15:15] Extracting field 'Color' from chunk for https://www.nike.com/w/mens-fleece-4xh6qznik1
[2026-06-15 11:15:15] Color -> "Jordan Brooklyn Fleece Men's Oversized Full-Zip Hoodie $61.97 $80 22% off Extra 20% w/ SUMMER"
[2026-06-15 11:15:15] Extracting field 'name' from chunk for https://www.nike.com/w/mens-fleece-4xh6qznik1
[2026-06-15 11:15:15] name -> "Nike Air Men's Fleece Joggers"
[2026-06-15 11:15:15] Extracting field 'price' from chunk for https://www.nike.com/w/mens-fleece-4xh6qznik1
[2026-06-15 11:15:15] price -> '$61.97 $80 22% off'
[2026-06-15 11:15:15] Extracting field 'description' from chunk for https://www.nike.com/w/mens-fleece-4xh6qznik1
[2026-06-15 11:15:15] description -> ''
[2026-06-15 11:15:15] Extracting field 'ImageUrl' from chunk for https://www.nike.com/w/mens-fleece-4xh6qznik1
[2026-06-15 11:15:15] ImageUrl -> ''
[2026-06-15 11:15:15] Extracting field 'Color' from chunk for https://www.nike.com/w/mens-fleece-4xh6qznik1
[2026-06-15 11:15:15] Color -> 'Extra 20% w/ SUMMER'
[2026-06-15 11:15:15] Extracting field 'name' from chunk for https://www.nike.com/w/mens-fleece-4xh6qznik1
[2026-06-15 11:15:15] name -> "Nike Sportswear Club Fleece Men's Full-Zip Hoodie"
[2026-06-15 11:15:15] Extracting field 'price' from chunk for https://www.nike.com/w/mens-fleece-4xh6qznik1
[2026-06-15 11:15:15] price -> '$45.97 $70 34% off'
[2026-06-15 11:15:15] Extracting field 'description' from chunk for https://www.nike.com/w/mens-fleece-4xh6qznik1
[2026-06-15 11:15:15] description -> ''
[2026-06-15 11:15:15] Extracting field 'ImageUrl' from chunk for https://www.nike.com/w/mens-fleece-4xh6qznik1
[2026-06-15 11:15:15] ImageUrl -> "Nike Sportswear Club Fleece Men's Full-Zip Hoodie $45.97 $70 34% off"
[2026-06-15 11:15:15] Extracting field 'Color' from chunk for https://www.nike.com/w/mens-fleece-4xh6qznik1
[2026-06-15 11:15:15] Color -> "Nike Sportswear Club Fleece Men's Full-Zip Hoodie $45.97 $70 34% off"
[2026-06-15 11:15:15] Extracting field 'name' from chunk for https://www.nike.com/w/mens-fleece-4xh6qznik1
[2026-06-15 11:15:15] name -> "Nike Sportswear Club Men's Fleece Shorts"
[2026-06-15 11:15:15] Extracting field 'price' from chunk for https://www.nike.com/w/mens-fleece-4xh6qznik1
[2026-06-15 11:15:15] price -> '$51.97 $65 20% off'
[2026-06-15 11:15:15] Extracting field 'description' from chunk for https://www.nike.com/w/mens-fleece-4xh6qznik1
[2026-06-15 11:15:15] description -> ''
[2026-06-15 11:15:15] Extracting field 'ImageUrl' from chunk for https://www.nike.com/w/mens-fleece-4xh6qznik1
[2026-06-15 11:15:15] ImageUrl -> "Nike Sportswear Club Men's Fleece Shorts $51.97 $65 20% off Extra 20% w/ SUMMER"
[2026-06-15 11:15:15] Extracting field 'Color' from chunk for https://www.nike.com/w/mens-fleece-4xh6qznik1
[2026-06-15 11:15:15] Color -> "Nike Sportswear Club Men's Fleece Shorts $51.97 $65 20% off Extra 20% w/ SUMMER"
[2026-06-15 11:15:15] Extracting field 'name' from chunk for https://www.nike.com/w/mens-fleece-4xh6qznik1
[2026-06-15 11:15:15] name -> "Kobe Men's Fleece Pullover Basketball Hoodie"
[2026-06-15 11:15:15] Extracting field 'price' from chunk for https://www.nike.com/w/mens-fleece-4xh6qznik1
[2026-06-15 11:15:15] price -> '$72.97 $120 39% off'
[2026-06-15 11:15:15] Extracting field 'description' from chunk for https://www.nike.com/w/mens-fleece-4xh6qznik1
[2026-06-15 11:15:15] description -> ''
[2026-06-15 11:15:15] Extracting field 'ImageUrl' from chunk for https://www.nike.com/w/mens-fleece-4xh6qznik1
[2026-06-15 11:15:15] ImageUrl -> "Recycled Materials Kobe Men's Fleece Pullover Basketball Hoodie $72.97 $120 39% off"
[2026-06-15 11:15:15] Extracting field 'Color' from chunk for https://www.nike.com/w/mens-fleece-4xh6qznik1
[2026-06-15 11:15:15] Color -> "Recycled Materials Kobe Men's Fleece Pullover Basketball Hoodie $72.97 $120 39% off"
[2026-06-15 11:15:15] Extracting field 'name' from chunk for https://www.nike.com/w/mens-fleece-4xh6qznik1
[2026-06-15 11:15:15] name -> 'Caitlin Clark Nike Basketball Fleece Pullover Hoodie'
[2026-06-15 11:15:15] Extracting field 'price' from chunk for https://www.nike.com/w/mens-fleece-4xh6qznik1
[2026-06-15 11:15:15] price -> '$83.97 $115 27% off'
[2026-06-15 11:15:15] Extracting field 'description' from chunk for https://www.nike.com/w/mens-fleece-4xh6qznik1
[2026-06-15 11:15:15] description -> ''
[2026-06-15 11:15:15] Extracting field 'ImageUrl' from chunk for https://www.nike.com/w/mens-fleece-4xh6qznik1
[2026-06-15 11:15:15] ImageUrl -> 'Caitlin Clark Nike Basketball Fleece Pullover Hoodie $83.97 $115 27% off Extra 20% w/ SUMMER'
[2026-06-15 11:15:15] Extracting field 'Color' from chunk for https://www.nike.com/w/mens-fleece-4xh6qznik1
[2026-06-15 11:15:15] Color -> 'Caitlin Clark Nike Basketball Fleece Pullover Hoodie $83.97 $115 27% off Extra 20% w/ SUMMER'
[2026-06-15 11:15:15] Extracting field 'name' from chunk for https://www.nike.com/w/mens-fleece-4xh6qznik1
[2026-06-15 11:15:15] name -> "Kobe Men's Dri-FIT Fleece Pullover Basketball Hoodie"
[2026-06-15 11:15:15] Extracting field 'price' from chunk for https://www.nike.com/w/mens-fleece-4xh6qznik1
[2026-06-15 11:15:15] price -> '$65.97 $110 40% off'
[2026-06-15 11:15:15] Extracting field 'description' from chunk for https://www.nike.com/w/mens-fleece-4xh6qznik1
[2026-06-15 11:15:15] description -> ''
[2026-06-15 11:15:15] Extracting field 'ImageUrl' from chunk for https://www.nike.com/w/mens-fleece-4xh6qznik1
[2026-06-15 11:15:15] ImageUrl -> ''
[2026-06-15 11:15:15] Extracting field 'Color' from chunk for https://www.nike.com/w/mens-fleece-4xh6qznik1
[2026-06-15 11:15:15] Color -> 'Recycled Materials'
[2026-06-15 11:15:15] Extracting field 'name' from chunk for https://www.nike.com/w/mens-fleece-4xh6qznik1
[2026-06-15 11:15:15] name -> "Jordan Brooklyn Fleece Men's Shorts"
[2026-06-15 11:15:15] Extracting field 'price' from chunk for https://www.nike.com/w/mens-fleece-4xh6qznik1
[2026-06-15 11:15:15] price -> '$50'
[2026-06-15 11:15:15] Extracting field 'description' from chunk for https://www.nike.com/w/mens-fleece-4xh6qznik1
[2026-06-15 11:15:15] description -> ''
[2026-06-15 11:15:15] Extracting field 'ImageUrl' from chunk for https://www.nike.com/w/mens-fleece-4xh6qznik1
[2026-06-15 11:15:15] ImageUrl -> "Best Seller Jordan Brooklyn Fleece Men's Shorts $50"
[2026-06-15 11:15:15] Extracting field 'Color' from chunk for https://www.nike.com/w/mens-fleece-4xh6qznik1
[2026-06-15 11:15:15] Color -> "Best Seller Jordan Brooklyn Fleece Men's Shorts $50"
[2026-06-15 11:15:15] Extracting field 'name' from chunk for https://www.nike.com/w/mens-fleece-4xh6qznik1
[2026-06-15 11:15:15] name -> 'Nike ACG "Tuff Fleece" Men\'s Therma-FIT Pullover Crew-Neck Sweatshirt'
[2026-06-15 11:15:15] Extracting field 'price' from chunk for https://www.nike.com/w/mens-fleece-4xh6qznik1
[2026-06-15 11:15:15] price -> '$93.97 $130 27% off'
[2026-06-15 11:15:15] Extracting field 'description' from chunk for https://www.nike.com/w/mens-fleece-4xh6qznik1
[2026-06-15 11:15:15] description -> ''
[2026-06-15 11:15:15] Extracting field 'ImageUrl' from chunk for https://www.nike.com/w/mens-fleece-4xh6qznik1
[2026-06-15 11:15:15] ImageUrl -> 'Nike ACG "Tuff Fleece" Men\'s Therma-FIT Pullover Crew-Neck Sweatshirt $93.97 $130 27% off'
[2026-06-15 11:15:15] Extracting field 'Color' from chunk for https://www.nike.com/w/mens-fleece-4xh6qznik1
[2026-06-15 11:15:15] Color -> 'Nike ACG "Tuff Fleece" Men\'s Therma-FIT Pullover Crew-Neck Sweatshirt $93.97 $130 27% off'
[2026-06-15 11:15:15] Extracting field 'name' from chunk for https://www.nike.com/w/mens-fleece-4xh6qznik1
[2026-06-15 11:15:15] name -> "Nike Tech Men's Pullover Hoodie with Reflective Accents"
[2026-06-15 11:15:15] Extracting field 'price' from chunk for https://www.nike.com/w/mens-fleece-4xh6qznik1
[2026-06-15 11:15:15] price -> '$90.97 $150 39% off'
[2026-06-15 11:15:15] Extracting field 'description' from chunk for https://www.nike.com/w/mens-fleece-4xh6qznik1
[2026-06-15 11:15:15] description -> ''
[2026-06-15 11:15:15] Extracting field 'ImageUrl' from chunk for https://www.nike.com/w/mens-fleece-4xh6qznik1
[2026-06-15 11:15:15] ImageUrl -> "Recycled Materials Nike Tech Men's Pullover Hoodie with Reflective Accents $90.97 $150 39% off"
[2026-06-15 11:15:15] Extracting field 'Color' from chunk for https://www.nike.com/w/mens-fleece-4xh6qznik1
[2026-06-15 11:15:15] Color -> "Recycled Materials Nike Tech Men's Pullover Hoodie with Reflective Accents $90.97 $150 39% off"
[2026-06-15 11:15:15] Extracting field 'name' from chunk for https://www.nike.com/w/mens-fleece-4xh6qznik1
[2026-06-15 11:15:15] name -> "Nike Tech Men's Fleece Hoodie"
[2026-06-15 11:15:15] Extracting field 'price' from chunk for https://www.nike.com/w/mens-fleece-4xh6qznik1
[2026-06-15 11:15:15] price -> '$105.97 $150 29% off'
[2026-06-15 11:15:15] Extracting field 'description' from chunk for https://www.nike.com/w/mens-fleece-4xh6qznik1
[2026-06-15 11:15:15] description -> ''
[2026-06-15 11:15:15] Extracting field 'ImageUrl' from chunk for https://www.nike.com/w/mens-fleece-4xh6qznik1
[2026-06-15 11:15:15] ImageUrl -> ''
[2026-06-15 11:15:15] Extracting field 'Color' from chunk for https://www.nike.com/w/mens-fleece-4xh6qznik1
[2026-06-15 11:15:15] Color -> 'Recycled Materials'
[2026-06-15 11:15:15] Extracting field 'name' from chunk for https://www.nike.com/w/mens-fleece-4xh6qznik1
[2026-06-15 11:15:15] name -> 'Nike ACG "Wolf Tree" Full-Zip Jacket'
[2026-06-15 11:15:15] Extracting field 'price' from chunk for https://www.nike.com/w/mens-fleece-4xh6qznik1
[2026-06-15 11:15:15] price -> '$96.97 $135 28% off'
[2026-06-15 11:15:15] Extracting field 'description' from chunk for https://www.nike.com/w/mens-fleece-4xh6qznik1
[2026-06-15 11:15:15] description -> ''
[2026-06-15 11:15:15] Extracting field 'ImageUrl' from chunk for https://www.nike.com/w/mens-fleece-4xh6qznik1
[2026-06-15 11:15:15] ImageUrl -> 'Recycled Materials Nike ACG "Wolf Tree" Full-Zip Jacket $96.97 $135 28% off Extra 20% w/ SUMMER'
[2026-06-15 11:15:15] Extracting field 'Color' from chunk for https://www.nike.com/w/mens-fleece-4xh6qznik1
[2026-06-15 11:15:15] Color -> 'Recycled Materials Nike ACG "Wolf Tree" Full-Zip Jacket $96.97 $135 28% off Extra 20% w/ SUMMER'
[2026-06-15 11:15:15] Extracting field 'name' from chunk for https://www.nike.com/w/mens-fleece-4xh6qznik1
[2026-06-15 11:15:15] name -> "LeBron Standard Issue Men's Therma-FIT Basketball Pants"
[2026-06-15 11:15:15] Extracting field 'price' from chunk for https://www.nike.com/w/mens-fleece-4xh6qznik1
[2026-06-15 11:15:15] price -> '$87.97 $120 26% off'
[2026-06-15 11:15:15] Extracting field 'description' from chunk for https://www.nike.com/w/mens-fleece-4xh6qznik1
[2026-06-15 11:15:15] description -> ''
[2026-06-15 11:15:15] Extracting field 'ImageUrl' from chunk for https://www.nike.com/w/mens-fleece-4xh6qznik1
[2026-06-15 11:15:16] ImageUrl -> "Recycled Materials LeBron Standard Issue Men's Therma-FIT Basketball Pants $87.97 $120 26% off Extra 20% w/ SUMMER"
[2026-06-15 11:15:16] Extracting field 'Color' from chunk for https://www.nike.com/w/mens-fleece-4xh6qznik1
[2026-06-15 11:15:16] Color -> "Recycled Materials LeBron Standard Issue Men's Therma-FIT Basketball Pants $87.97 $120 26% off Extra 20% w/ SUMMER"
[2026-06-15 11:15:16] Extracting field 'name' from chunk for https://www.nike.com/w/mens-fleece-4xh6qznik1
[2026-06-15 11:15:16] name -> "Jordan Brooklyn Fleece Men's Full-zip Hoodie"
[2026-06-15 11:15:16] Extracting field 'price' from chunk for https://www.nike.com/w/mens-fleece-4xh6qznik1
[2026-06-15 11:15:16] price -> '$55.97 $70 20% off'
[2026-06-15 11:15:16] Extracting field 'description' from chunk for https://www.nike.com/w/mens-fleece-4xh6qznik1
[2026-06-15 11:15:16] description -> ''
[2026-06-15 11:15:16] Extracting field 'ImageUrl' from chunk for https://www.nike.com/w/mens-fleece-4xh6qznik1
[2026-06-15 11:15:16] ImageUrl -> "Jordan Brooklyn Fleece Men's Full-zip Hoodie $55.97 $70 20% off Extra 20% w/ SUMMER"
[2026-06-15 11:15:16] Extracting field 'Color' from chunk for https://www.nike.com/w/mens-fleece-4xh6qznik1
[2026-06-15 11:15:16] Color -> "Jordan Brooklyn Fleece Men's Full-zip Hoodie $55.97 $70 20% off Extra 20% w/ SUMMER"
[2026-06-15 11:15:16] Extracting field 'name' from chunk for https://www.nike.com/w/mens-fleece-4xh6qznik1
[2026-06-15 11:15:16] name -> 'Nike ACG "Tuff Fleece" Pants'
[2026-06-15 11:15:16] Extracting field 'price' from chunk for https://www.nike.com/w/mens-fleece-4xh6qznik1
[2026-06-15 11:15:16] price -> '$87.97 $120 26% off'
[2026-06-15 11:15:16] Extracting field 'description' from chunk for https://www.nike.com/w/mens-fleece-4xh6qznik1
[2026-06-15 11:15:16] description -> ''
[2026-06-15 11:15:16] Extracting field 'ImageUrl' from chunk for https://www.nike.com/w/mens-fleece-4xh6qznik1
[2026-06-15 11:15:16] ImageUrl -> 'Nike ACG "Tuff Fleece" Pants $87.97 $120 26% off Extra 20% w/ SUMMER'
[2026-06-15 11:15:16] Extracting field 'Color' from chunk for https://www.nike.com/w/mens-fleece-4xh6qznik1
[2026-06-15 11:15:16] Color -> 'Nike ACG "Tuff Fleece" Pants $87.97 $120 26% off Extra 20% w/ SUMMER'
[2026-06-15 11:15:16] Extracting field 'name' from chunk for https://www.nike.com/w/mens-fleece-4xh6qznik1
[2026-06-15 11:15:16] name -> 'Nike ACG "Wolf Tree" Plus Fleece Pants'
[2026-06-15 11:15:16] Extracting field 'price' from chunk for https://www.nike.com/w/mens-fleece-4xh6qznik1
[2026-06-15 11:15:16] price -> '$81.97 $145 43% off'
[2026-06-15 11:15:16] Extracting field 'description' from chunk for https://www.nike.com/w/mens-fleece-4xh6qznik1
[2026-06-15 11:15:16] description -> ''
[2026-06-15 11:15:16] Extracting field 'ImageUrl' from chunk for https://www.nike.com/w/mens-fleece-4xh6qznik1
[2026-06-15 11:15:16] ImageUrl -> 'Recycled Materials Nike ACG "Wolf Tree" Plus Fleece Pants $81.97 $145 43% off'
[2026-06-15 11:15:16] Extracting field 'Color' from chunk for https://www.nike.com/w/mens-fleece-4xh6qznik1
[2026-06-15 11:15:16] Color -> 'Recycled Materials Nike ACG "Wolf Tree" Plus Fleece Pants $81.97 $145 43% off'
[2026-06-15 11:15:16] Extracting field 'name' from chunk for https://www.nike.com/w/mens-fleece-4xh6qznik1
[2026-06-15 11:15:16] name -> "Jordan Flight Fleece Men's Pullover Hoodie"
[2026-06-15 11:15:16] Extracting field 'price' from chunk for https://www.nike.com/w/mens-fleece-4xh6qznik1
[2026-06-15 11:15:16] price -> '$74.97 $100 25% off'
[2026-06-15 11:15:16] Extracting field 'description' from chunk for https://www.nike.com/w/mens-fleece-4xh6qznik1
[2026-06-15 11:15:16] description -> ''
[2026-06-15 11:15:16] Extracting field 'ImageUrl' from chunk for https://www.nike.com/w/mens-fleece-4xh6qznik1
[2026-06-15 11:15:16] ImageUrl -> "Jordan Flight Fleece Men's Pullover Hoodie $74.97 $100 25% off Extra 20% w/ SUMMER"
[2026-06-15 11:15:16] Extracting field 'Color' from chunk for https://www.nike.com/w/mens-fleece-4xh6qznik1
[2026-06-15 11:15:16] Color -> "Jordan Flight Fleece Men's Pullover Hoodie $74.97 $100 25% off Extra 20% w/ SUMMER"
[2026-06-15 11:15:16] Extracting field 'name' from chunk for https://www.nike.com/w/mens-fleece-4xh6qznik1
[2026-06-15 11:15:16] name -> "Kobe Men's Dri-FIT Fleece Pullover Basketball Hoodie"
[2026-06-15 11:15:16] Extracting field 'price' from chunk for https://www.nike.com/w/mens-fleece-4xh6qznik1
[2026-06-15 11:15:16] price -> '$84.97 $105 19% off'
[2026-06-15 11:15:16] Extracting field 'description' from chunk for https://www.nike.com/w/mens-fleece-4xh6qznik1
[2026-06-15 11:15:16] description -> ''
[2026-06-15 11:15:16] Extracting field 'ImageUrl' from chunk for https://www.nike.com/w/mens-fleece-4xh6qznik1
[2026-06-15 11:15:16] ImageUrl -> "Recycled Materials Kobe Men's Dri-FIT Fleece Pullover Basketball Hoodie $84.97 $105 19% off Extra 20% w/ SUMMER"
[2026-06-15 11:15:16] Extracting field 'Color' from chunk for https://www.nike.com/w/mens-fleece-4xh6qznik1
[2026-06-15 11:15:16] Color -> "Recycled Materials Kobe Men's Dri-FIT Fleece Pullover Basketball Hoodie $84.97 $105 19% off Extra 20% w/ SUMMER"
[2026-06-15 11:15:16] Extracting field 'name' from chunk for https://www.nike.com/w/mens-fleece-4xh6qznik1
[2026-06-15 11:15:16] name -> "Jordan Flight Fleece Men's Pants"
[2026-06-15 11:15:16] Extracting field 'price' from chunk for https://www.nike.com/w/mens-fleece-4xh6qznik1
[2026-06-15 11:15:16] price -> '$68.97 $90 23% off'
[2026-06-15 11:15:16] Extracting field 'description' from chunk for https://www.nike.com/w/mens-fleece-4xh6qznik1
[2026-06-15 11:15:16] description -> ''
[2026-06-15 11:15:16] Extracting field 'ImageUrl' from chunk for https://www.nike.com/w/mens-fleece-4xh6qznik1
[2026-06-15 11:15:16] ImageUrl -> "Jordan Flight Fleece Men's Pants $68.97 $90 23% off Extra 20% w/ SUMMER"
[2026-06-15 11:15:16] Extracting field 'Color' from chunk for https://www.nike.com/w/mens-fleece-4xh6qznik1
[2026-06-15 11:15:16] Color -> "Jordan Flight Fleece Men's Pants $68.97 $90 23% off Extra 20% w/ SUMMER"
[2026-06-15 11:15:16] Extracting field 'name' from chunk for https://www.nike.com/w/mens-fleece-4xh6qznik1
[2026-06-15 11:15:16] name -> "Nike Solo Swoosh Men's Full-Zip Fleece Hoodie"
[2026-06-15 11:15:16] Extracting field 'price' from chunk for https://www.nike.com/w/mens-fleece-4xh6qznik1
[2026-06-15 11:15:16] price -> '$78.97 $100 21% off'
[2026-06-15 11:15:16] Extracting field 'description' from chunk for https://www.nike.com/w/mens-fleece-4xh6qznik1
[2026-06-15 11:15:16] description -> ''
[2026-06-15 11:15:16] Extracting field 'ImageUrl' from chunk for https://www.nike.com/w/mens-fleece-4xh6qznik1
[2026-06-15 11:15:16] ImageUrl -> "Nike Solo Swoosh Men's Full-Zip Fleece Hoodie $78.97 $100 21% off Extra 20% w/ SUMMER"
[2026-06-15 11:15:16] Extracting field 'Color' from chunk for https://www.nike.com/w/mens-fleece-4xh6qznik1
[2026-06-15 11:15:16] Color -> "Nike Solo Swoosh Men's Full-Zip Fleece Hoodie $78.97 $100 21% off Extra 20% w/ SUMMER"
[2026-06-15 11:15:16] Extracting field 'name' from chunk for https://www.nike.com/w/mens-fleece-4xh6qznik1
[2026-06-15 11:15:16] name -> "Nike Tech Men's Fleece Full-Zip Windrunner Jacket"
[2026-06-15 11:15:16] Extracting field 'price' from chunk for https://www.nike.com/w/mens-fleece-4xh6qznik1
[2026-06-15 11:15:16] price -> '$105.97 $150 29% off'
[2026-06-15 11:15:16] Extracting field 'description' from chunk for https://www.nike.com/w/mens-fleece-4xh6qznik1
[2026-06-15 11:15:16] description -> ''
[2026-06-15 11:15:16] Extracting field 'ImageUrl' from chunk for https://www.nike.com/w/mens-fleece-4xh6qznik1
[2026-06-15 11:15:16] ImageUrl -> "Nike Tech Men's Fleece Full-Zip Windrunner Jacket $105.97 $150 29% off Extra 20% w/ SUMMER"
[2026-06-15 11:15:16] Extracting field 'Color' from chunk for https://www.nike.com/w/mens-fleece-4xh6qznik1
[2026-06-15 11:15:16] Color -> "Nike Tech Men's Fleece Full-Zip Windrunner Jacket $105.97 $150 29% off Extra 20% w/ SUMMER"
[2026-06-15 11:15:16] Extracting field 'name' from chunk for https://www.nike.com/w/mens-fleece-4xh6qznik1
[2026-06-15 11:15:16] name -> "Jordan Sport Crossover Men's Dri-FIT Pullover Hoodie"
[2026-06-15 11:15:16] Extracting field 'price' from chunk for https://www.nike.com/w/mens-fleece-4xh6qznik1
[2026-06-15 11:15:16] price -> '$56.97 $72 20% off'
[2026-06-15 11:15:16] Extracting field 'description' from chunk for https://www.nike.com/w/mens-fleece-4xh6qznik1
[2026-06-15 11:15:16] description -> ''
[2026-06-15 11:15:16] Extracting field 'ImageUrl' from chunk for https://www.nike.com/w/mens-fleece-4xh6qznik1
[2026-06-15 11:15:16] ImageUrl -> "Jordan Sport Crossover Men's Dri-FIT Pullover Hoodie $56.97 $72 20% off Extra 20% w/ SUMMER"
[2026-06-15 11:15:16] Extracting field 'Color' from chunk for https://www.nike.com/w/mens-fleece-4xh6qznik1
[2026-06-15 11:15:16] Color -> "Jordan Sport Crossover Men's Dri-FIT Pullover Hoodie $56.97 $72 20% off Extra 20% w/ SUMMER"
[2026-06-15 11:15:16] Extracting field 'name' from chunk for https://www.nike.com/w/mens-fleece-4xh6qznik1
[2026-06-15 11:15:16] name -> 'Kobe Therma-FIT Basketball Pants'
[2026-06-15 11:15:16] Extracting field 'price' from chunk for https://www.nike.com/w/mens-fleece-4xh6qznik1
[2026-06-15 11:15:16] price -> '$61.97 $80 22% off'
[2026-06-15 11:15:16] Extracting field 'description' from chunk for https://www.nike.com/w/mens-fleece-4xh6qznik1
[2026-06-15 11:15:16] description -> ''
[2026-06-15 11:15:16] Extracting field 'ImageUrl' from chunk for https://www.nike.com/w/mens-fleece-4xh6qznik1
[2026-06-15 11:15:16] ImageUrl -> 'Recycled Materials Kobe Therma-FIT Basketball Pants $61.97 $80 22% off Extra 20% w/ SUMMER'
[2026-06-15 11:15:16] Extracting field 'Color' from chunk for https://www.nike.com/w/mens-fleece-4xh6qznik1
[2026-06-15 11:15:16] Color -> 'Recycled Materials Kobe Therma-FIT Basketball Pants $61.97 $80 22% off Extra 20% w/ SUMMER'
[2026-06-15 11:15:16] Extracting field 'name' from chunk for https://www.nike.com/w/mens-fleece-4xh6qznik1
[2026-06-15 11:15:16] name -> "Kobe Men's Pullover Basketball Hoodie"
[2026-06-15 11:15:16] Extracting field 'price' from chunk for https://www.nike.com/w/mens-fleece-4xh6qznik1
[2026-06-15 11:15:16] price -> '$80.97 $110 26% off'
[2026-06-15 11:15:16] Extracting field 'description' from chunk for https://www.nike.com/w/mens-fleece-4xh6qznik1
[2026-06-15 11:15:16] description -> ''
[2026-06-15 11:15:16] Extracting field 'ImageUrl' from chunk for https://www.nike.com/w/mens-fleece-4xh6qznik1
[2026-06-15 11:15:16] ImageUrl -> ''
[2026-06-15 11:15:16] Extracting field 'Color' from chunk for https://www.nike.com/w/mens-fleece-4xh6qznik1
[2026-06-15 11:15:16] Color -> 'Extra 20% w/ SUMMER'
[2026-06-15 11:15:16] Extracting field 'name' from chunk for https://www.nike.com/w/mens-fleece-4xh6qznik1
[2026-06-15 11:15:16] name -> "Jordan Brooklyn Men's Fleece Crewneck Sweatshirt"
[2026-06-15 11:15:16] Extracting field 'price' from chunk for https://www.nike.com/w/mens-fleece-4xh6qznik1
[2026-06-15 11:15:16] price -> '$58.97 $75 21% off'
[2026-06-15 11:15:16] Extracting field 'description' from chunk for https://www.nike.com/w/mens-fleece-4xh6qznik1
[2026-06-15 11:15:16] description -> ''
[2026-06-15 11:15:16] Extracting field 'ImageUrl' from chunk for https://www.nike.com/w/mens-fleece-4xh6qznik1
[2026-06-15 11:15:16] ImageUrl -> ''
[2026-06-15 11:15:16] Extracting field 'Color' from chunk for https://www.nike.com/w/mens-fleece-4xh6qznik1
[2026-06-15 11:15:16] Color -> ''
[2026-06-15 11:15:16] Extracting field 'name' from chunk for https://www.nike.com/w/mens-fleece-4xh6qznik1
[2026-06-15 11:15:16] name -> "NikeCourt Heritage Men's Dri-FIT Fleece Tennis Shorts"
[2026-06-15 11:15:16] Extracting field 'price' from chunk for https://www.nike.com/w/mens-fleece-4xh6qznik1
[2026-06-15 11:15:16] price -> '$58.97 $75 21% off'
[2026-06-15 11:15:16] Extracting field 'description' from chunk for https://www.nike.com/w/mens-fleece-4xh6qznik1
[2026-06-15 11:15:16] description -> ''
[2026-06-15 11:15:16] Extracting field 'ImageUrl' from chunk for https://www.nike.com/w/mens-fleece-4xh6qznik1
[2026-06-15 11:15:16] ImageUrl -> "NikeCourt Heritage Men's Dri-FIT Fleece Tennis Shorts $58.97 $75 21% off Extra 20% w/ SUMMER"
[2026-06-15 11:15:16] Extracting field 'Color' from chunk for https://www.nike.com/w/mens-fleece-4xh6qznik1
[2026-06-15 11:15:16] Color -> "NikeCourt Heritage Men's Dri-FIT Fleece Tennis Shorts $58.97 $75 21% off Extra 20% w/ SUMMER"
[2026-06-15 11:15:16] Extracting field 'name' from chunk for https://www.nike.com/w/mens-fleece-4xh6qznik1
[2026-06-15 11:15:16] name -> "Book Standard Issue Men's Brushed Pants"
[2026-06-15 11:15:16] Extracting field 'price' from chunk for https://www.nike.com/w/mens-fleece-4xh6qznik1
[2026-06-15 11:15:16] price -> '$96.97 $135 28% off'
[2026-06-15 11:15:16] Extracting field 'description' from chunk for https://www.nike.com/w/mens-fleece-4xh6qznik1
[2026-06-15 11:15:16] description -> ''
[2026-06-15 11:15:16] Extracting field 'ImageUrl' from chunk for https://www.nike.com/w/mens-fleece-4xh6qznik1
[2026-06-15 11:15:16] ImageUrl -> ''
[2026-06-15 11:15:16] Extracting field 'Color' from chunk for https://www.nike.com/w/mens-fleece-4xh6qznik1
[2026-06-15 11:15:16] Color -> ''
[2026-06-15 11:15:16] Extracting field 'name' from chunk for https://www.nike.com/w/mens-fleece-4xh6qznik1
[2026-06-15 11:15:16] name -> "Jordan Sport Crossover Men's Fleece Pants"
[2026-06-15 11:15:16] Extracting field 'price' from chunk for https://www.nike.com/w/mens-fleece-4xh6qznik1
[2026-06-15 11:15:16] price -> '$60.97 $78 21% off'
[2026-06-15 11:15:16] Extracting field 'description' from chunk for https://www.nike.com/w/mens-fleece-4xh6qznik1
[2026-06-15 11:15:16] description -> ''
[2026-06-15 11:15:16] Extracting field 'ImageUrl' from chunk for https://www.nike.com/w/mens-fleece-4xh6qznik1
[2026-06-15 11:15:16] ImageUrl -> "Jordan Sport Crossover Men's Fleece Pants $60.97 $78 21% off Extra 20% w/ SUMMER"
[2026-06-15 11:15:16] Extracting field 'Color' from chunk for https://www.nike.com/w/mens-fleece-4xh6qznik1
[2026-06-15 11:15:16] Color -> "Jordan Sport Crossover Men's Fleece Pants $60.97 $78 21% off Extra 20% w/ SUMMER"
[2026-06-15 11:15:16] Extracting field 'name' from chunk for https://www.nike.com/w/mens-fleece-4xh6qznik1
[2026-06-15 11:15:16] name -> "Nike Primary Fleece Men's Dri-FIT UV Pullover Performance Hoodie"
[2026-06-15 11:15:16] Extracting field 'price' from chunk for https://www.nike.com/w/mens-fleece-4xh6qznik1
[2026-06-15 11:15:16] price -> '$61.97 $80 22% off'
[2026-06-15 11:15:16] Extracting field 'description' from chunk for https://www.nike.com/w/mens-fleece-4xh6qznik1
[2026-06-15 11:15:16] description -> ''
[2026-06-15 11:15:16] Extracting field 'ImageUrl' from chunk for https://www.nike.com/w/mens-fleece-4xh6qznik1
[2026-06-15 11:15:16] ImageUrl -> "Recycled Materials Nike Primary Fleece Men's Dri-FIT UV Pullover Performance Hoodie $61.97 $80 22% off Extra 20% w/ SUMMER"
[2026-06-15 11:15:16] Extracting field 'Color' from chunk for https://www.nike.com/w/mens-fleece-4xh6qznik1
[2026-06-15 11:15:16] Color -> "Recycled Materials Nike Primary Fleece Men's Dri-FIT UV Pullover Performance Hoodie $61.97 $80 22% off Extra 20% w/ SUMMER"
[2026-06-15 11:15:16] Extracting field 'name' from chunk for https://www.nike.com/w/mens-fleece-4xh6qznik1
[2026-06-15 11:15:16] name -> 'Nike Primary Fleece Men\'s 7" Dri-FIT Unlined Performance Shorts'
[2026-06-15 11:15:16] Extracting field 'price' from chunk for https://www.nike.com/w/mens-fleece-4xh6qznik1
[2026-06-15 11:15:16] price -> '$55.97 $70 20% off'
[2026-06-15 11:15:16] Extracting field 'description' from chunk for https://www.nike.com/w/mens-fleece-4xh6qznik1
[2026-06-15 11:15:16] description -> ''
[2026-06-15 11:15:16] Extracting field 'ImageUrl' from chunk for https://www.nike.com/w/mens-fleece-4xh6qznik1
[2026-06-15 11:15:16] ImageUrl -> 'Recycled Materials Nike Primary Fleece Men\'s 7" Dri-FIT Unlined Performance Shorts $55.97 $70 20% off Extra 20% w/ SUMMER'
[2026-06-15 11:15:16] Extracting field 'Color' from chunk for https://www.nike.com/w/mens-fleece-4xh6qznik1
[2026-06-15 11:15:16] Color -> 'Recycled Materials Nike Primary Fleece Men\'s 7" Dri-FIT Unlined Performance Shorts $55.97 $70 20% off Extra 20% w/ SUMMER'
[2026-06-15 11:15:16] Extracting field 'name' from chunk for https://www.nike.com/w/mens-fleece-4xh6qznik1
[2026-06-15 11:15:16] name -> 'Caitlin Clark Nike Basketball Phoenix Fleece Pullover Hoodie'
[2026-06-15 11:15:16] Extracting field 'price' from chunk for https://www.nike.com/w/mens-fleece-4xh6qznik1
[2026-06-15 11:15:16] price -> '$68.97 $90 23% off'
[2026-06-15 11:15:16] Extracting field 'description' from chunk for https://www.nike.com/w/mens-fleece-4xh6qznik1
[2026-06-15 11:15:16] description -> ''
[2026-06-15 11:15:16] Extracting field 'ImageUrl' from chunk for https://www.nike.com/w/mens-fleece-4xh6qznik1
[2026-06-15 11:15:16] ImageUrl -> 'Caitlin Clark Nike Basketball Phoenix Fleece Pullover Hoodie $68.97 $90 23% off Extra 20% w/ SUMMER'
[2026-06-15 11:15:16] Extracting field 'Color' from chunk for https://www.nike.com/w/mens-fleece-4xh6qznik1
[2026-06-15 11:15:16] Color -> 'Caitlin Clark Nike Basketball Phoenix Fleece Pullover Hoodie $68.97 $90 23% off Extra 20% w/ SUMMER'
[2026-06-15 11:15:16] Extracting field 'name' from chunk for https://www.nike.com/w/mens-fleece-4xh6qznik1
[2026-06-15 11:15:16] name -> "Ja Men's Nike Therma-FIT Pullover Basketball Hoodie"
[2026-06-15 11:15:16] Extracting field 'price' from chunk for https://www.nike.com/w/mens-fleece-4xh6qznik1
[2026-06-15 11:15:16] price -> '$143.97 $210 31% off'
[2026-06-15 11:15:16] Extracting field 'description' from chunk for https://www.nike.com/w/mens-fleece-4xh6qznik1
[2026-06-15 11:15:16] description -> ''
[2026-06-15 11:15:16] Extracting field 'ImageUrl' from chunk for https://www.nike.com/w/mens-fleece-4xh6qznik1
[2026-06-15 11:15:16] ImageUrl -> ''
[2026-06-15 11:15:16] Extracting field 'Color' from chunk for https://www.nike.com/w/mens-fleece-4xh6qznik1
[2026-06-15 11:15:16] Color -> 'Extra 20% w/ SUMMER'
[2026-06-15 11:15:16] Extracting field 'name' from chunk for https://www.nike.com/w/mens-fleece-4xh6qznik1
[2026-06-15 11:15:16] name -> "Nike Sportswear Club Men's Cuffed Fleece Pants"
[2026-06-15 11:15:16] Extracting field 'price' from chunk for https://www.nike.com/w/mens-fleece-4xh6qznik1
[2026-06-15 11:15:16] price -> '$52.97 $65 18% off'
[2026-06-15 11:15:16] Extracting field 'description' from chunk for https://www.nike.com/w/mens-fleece-4xh6qznik1
[2026-06-15 11:15:16] description -> ''
[2026-06-15 11:15:16] Extracting field 'ImageUrl' from chunk for https://www.nike.com/w/mens-fleece-4xh6qznik1
[2026-06-15 11:15:16] ImageUrl -> ''
[2026-06-15 11:15:16] Extracting field 'Color' from chunk for https://www.nike.com/w/mens-fleece-4xh6qznik1
[2026-06-15 11:15:16] Color -> 'Extra 20% w/ SUMMER'
[2026-06-15 11:15:16] Extracting field 'name' from chunk for https://www.nike.com/w/mens-fleece-4xh6qznik1
[2026-06-15 11:15:16] name -> "Nike Club Men's Fleece Bungee Pants"
[2026-06-15 11:15:16] Extracting field 'price' from chunk for https://www.nike.com/w/mens-fleece-4xh6qznik1
[2026-06-15 11:15:16] price -> '$52.97 $65 18% off'
[2026-06-15 11:15:16] Extracting field 'description' from chunk for https://www.nike.com/w/mens-fleece-4xh6qznik1
[2026-06-15 11:15:16] description -> ''
[2026-06-15 11:15:16] Extracting field 'ImageUrl' from chunk for https://www.nike.com/w/mens-fleece-4xh6qznik1
[2026-06-15 11:15:16] ImageUrl -> ''
[2026-06-15 11:15:16] Extracting field 'Color' from chunk for https://www.nike.com/w/mens-fleece-4xh6qznik1
[2026-06-15 11:15:16] Color -> 'Extra 20% w/ SUMMER'
[2026-06-15 11:15:16] Extracting field 'name' from chunk for https://www.nike.com/w/mens-fleece-4xh6qznik1
[2026-06-15 11:15:16] name -> "Nike Primary Fleece Men's Dri-FIT UV Performance Joggers"
[2026-06-15 11:15:16] Extracting field 'price' from chunk for https://www.nike.com/w/mens-fleece-4xh6qznik1
[2026-06-15 11:15:16] price -> '$61.97 $80 22% off'
[2026-06-15 11:15:16] Extracting field 'description' from chunk for https://www.nike.com/w/mens-fleece-4xh6qznik1
[2026-06-15 11:15:16] description -> ''
[2026-06-15 11:15:16] Extracting field 'ImageUrl' from chunk for https://www.nike.com/w/mens-fleece-4xh6qznik1
[2026-06-15 11:15:16] ImageUrl -> "Recycled Materials Nike Primary Fleece Men's Dri-FIT UV Performance Joggers $61.97 $80 22% off Extra 20% w/ SUMMER"
[2026-06-15 11:15:16] Extracting field 'Color' from chunk for https://www.nike.com/w/mens-fleece-4xh6qznik1
[2026-06-15 11:15:16] Color -> "Recycled Materials Nike Primary Fleece Men's Dri-FIT UV Performance Joggers $61.97 $80 22% off Extra 20% w/ SUMMER"
[2026-06-15 11:15:16] Extracting field 'name' from chunk for https://www.nike.com/w/mens-fleece-4xh6qznik1
[2026-06-15 11:15:16] name -> "Nike Sportswear Club Men's Graphic Fleece Crew"
[2026-06-15 11:15:16] Extracting field 'price' from chunk for https://www.nike.com/w/mens-fleece-4xh6qznik1
[2026-06-15 11:15:16] price -> '$52.97 $65 18% off'
[2026-06-15 11:15:16] Extracting field 'description' from chunk for https://www.nike.com/w/mens-fleece-4xh6qznik1
[2026-06-15 11:15:16] description -> ''
[2026-06-15 11:15:16] Extracting field 'ImageUrl' from chunk for https://www.nike.com/w/mens-fleece-4xh6qznik1
[2026-06-15 11:15:16] ImageUrl -> ''
[2026-06-15 11:15:16] Extracting field 'Color' from chunk for https://www.nike.com/w/mens-fleece-4xh6qznik1
[2026-06-15 11:15:16] Color -> 'Extra 20% w/ SUMMER'
[2026-06-15 11:15:16] Extracting field 'name' from chunk for https://www.nike.com/w/mens-fleece-4xh6qznik1
[2026-06-15 11:15:16] name -> "NOCTA Men's Fleece CS Crew"
[2026-06-15 11:15:16] Extracting field 'price' from chunk for https://www.nike.com/w/mens-fleece-4xh6qznik1
[2026-06-15 11:15:16] price -> '$61.97 $80 22% off'
[2026-06-15 11:15:16] Extracting field 'description' from chunk for https://www.nike.com/w/mens-fleece-4xh6qznik1
[2026-06-15 11:15:16] description -> ''
[2026-06-15 11:15:16] Extracting field 'ImageUrl' from chunk for https://www.nike.com/w/mens-fleece-4xh6qznik1
[2026-06-15 11:15:16] ImageUrl -> ''
[2026-06-15 11:15:16] Extracting field 'Color' from chunk for https://www.nike.com/w/mens-fleece-4xh6qznik1
[2026-06-15 11:15:16] Color -> ''
[2026-06-15 11:15:16] Extracting field 'name' from chunk for https://www.nike.com/w/mens-fleece-4xh6qznik1
[2026-06-15 11:15:16] name -> "Jordan Brooklyn Men's Hike Mike Full-Zip Hoodie"
[2026-06-15 11:15:16] Extracting field 'price' from chunk for https://www.nike.com/w/mens-fleece-4xh6qznik1
[2026-06-15 11:15:16] price -> '$64.97 $85 23% off'
[2026-06-15 11:15:16] Extracting field 'description' from chunk for https://www.nike.com/w/mens-fleece-4xh6qznik1
[2026-06-15 11:15:16] description -> ''
[2026-06-15 11:15:16] Extracting field 'ImageUrl' from chunk for https://www.nike.com/w/mens-fleece-4xh6qznik1
[2026-06-15 11:15:16] ImageUrl -> "Jordan Brooklyn Men's Hike Mike Full-Zip Hoodie $64.97 $85 23% off Extra 20% w/ SUMMER"
[2026-06-15 11:15:16] Extracting field 'Color' from chunk for https://www.nike.com/w/mens-fleece-4xh6qznik1
[2026-06-15 11:15:16] Color -> "Jordan Brooklyn Men's Hike Mike Full-Zip Hoodie $64.97 $85 23% off Extra 20% w/ SUMMER"
[2026-06-15 11:15:16] Extracting field 'name' from chunk for https://www.nike.com/w/mens-fleece-4xh6qznik1
[2026-06-15 11:15:16] name -> 'Nike ACG "Tuff Fleece" Pants'
[2026-06-15 11:15:16] Extracting field 'price' from chunk for https://www.nike.com/w/mens-fleece-4xh6qznik1
[2026-06-15 11:15:16] price -> '$87.97 $120 26% off'
[2026-06-15 11:15:16] Extracting field 'description' from chunk for https://www.nike.com/w/mens-fleece-4xh6qznik1
[2026-06-15 11:15:16] description -> ''
[2026-06-15 11:15:16] Extracting field 'ImageUrl' from chunk for https://www.nike.com/w/mens-fleece-4xh6qznik1
[2026-06-15 11:15:16] ImageUrl -> 'Nike ACG "Tuff Fleece" Pants $87.97 $120 26% off Extra 20% w/ SUMMER'
[2026-06-15 11:15:16] Extracting field 'Color' from chunk for https://www.nike.com/w/mens-fleece-4xh6qznik1
[2026-06-15 11:15:16] Color -> 'Nike ACG "Tuff Fleece" Pants $87.97 $120 26% off Extra 20% w/ SUMMER'
[2026-06-15 11:15:16] Extracting field 'name' from chunk for https://www.nike.com/w/mens-fleece-4xh6qznik1
[2026-06-15 11:15:16] name -> 'Nike ACG "Wolf Tree" Plus Fleece Pants'
[2026-06-15 11:15:16] Extracting field 'price' from chunk for https://www.nike.com/w/mens-fleece-4xh6qznik1
[2026-06-15 11:15:16] price -> '$81.97 $145 43% off'
[2026-06-15 11:15:16] Extracting field 'description' from chunk for https://www.nike.com/w/mens-fleece-4xh6qznik1
[2026-06-15 11:15:16] description -> ''
[2026-06-15 11:15:16] Extracting field 'ImageUrl' from chunk for https://www.nike.com/w/mens-fleece-4xh6qznik1
[2026-06-15 11:15:16] ImageUrl -> 'Recycled Materials Nike ACG "Wolf Tree" Plus Fleece Pants $81.97 $145 43% off'
[2026-06-15 11:15:16] Extracting field 'Color' from chunk for https://www.nike.com/w/mens-fleece-4xh6qznik1
[2026-06-15 11:15:16] Color -> 'Recycled Materials Nike ACG "Wolf Tree" Plus Fleece Pants $81.97 $145 43% off'
[2026-06-15 11:15:16] Extracting field 'name' from chunk for https://www.nike.com/w/mens-fleece-4xh6qznik1
[2026-06-15 11:15:16] name -> "Jordan Flight Fleece Men's Pullover Hoodie"
[2026-06-15 11:15:16] Extracting field 'price' from chunk for https://www.nike.com/w/mens-fleece-4xh6qznik1
[2026-06-15 11:15:16] price -> '$74.97 $100 25% off'
[2026-06-15 11:15:16] Extracting field 'description' from chunk for https://www.nike.com/w/mens-fleece-4xh6qznik1
[2026-06-15 11:15:16] description -> ''
[2026-06-15 11:15:16] Extracting field 'ImageUrl' from chunk for https://www.nike.com/w/mens-fleece-4xh6qznik1
[2026-06-15 11:15:16] ImageUrl -> "Jordan Flight Fleece Men's Pullover Hoodie $74.97 $100 25% off Extra 20% w/ SUMMER"
[2026-06-15 11:15:16] Extracting field 'Color' from chunk for https://www.nike.com/w/mens-fleece-4xh6qznik1
[2026-06-15 11:15:16] Color -> "Jordan Flight Fleece Men's Pullover Hoodie $74.97 $100 25% off Extra 20% w/ SUMMER"
[2026-06-15 11:15:16] Extracting field 'name' from chunk for https://www.nike.com/w/mens-fleece-4xh6qznik1
[2026-06-15 11:15:16] name -> "Kobe Men's Dri-FIT Fleece Pullover Basketball Hoodie"
[2026-06-15 11:15:16] Extracting field 'price' from chunk for https://www.nike.com/w/mens-fleece-4xh6qznik1
[2026-06-15 11:15:16] price -> '$84.97 $105 19% off'
[2026-06-15 11:15:16] Extracting field 'description' from chunk for https://www.nike.com/w/mens-fleece-4xh6qznik1
[2026-06-15 11:15:16] description -> ''
[2026-06-15 11:15:16] Extracting field 'ImageUrl' from chunk for https://www.nike.com/w/mens-fleece-4xh6qznik1
[2026-06-15 11:15:16] ImageUrl -> "Recycled Materials Kobe Men's Dri-FIT Fleece Pullover Basketball Hoodie $84.97 $105 19% off Extra 20% w/ SUMMER"
[2026-06-15 11:15:16] Extracting field 'Color' from chunk for https://www.nike.com/w/mens-fleece-4xh6qznik1
[2026-06-15 11:15:16] Color -> "Recycled Materials Kobe Men's Dri-FIT Fleece Pullover Basketball Hoodie $84.97 $105 19% off Extra 20% w/ SUMMER"
[2026-06-15 11:15:16] Extracting field 'name' from chunk for https://www.nike.com/w/mens-fleece-4xh6qznik1
[2026-06-15 11:15:16] name -> "Jordan Flight Fleece Men's Pants"
[2026-06-15 11:15:16] Extracting field 'price' from chunk for https://www.nike.com/w/mens-fleece-4xh6qznik1
[2026-06-15 11:15:16] price -> '$68.97 $90 23% off'
[2026-06-15 11:15:16] Extracting field 'description' from chunk for https://www.nike.com/w/mens-fleece-4xh6qznik1
[2026-06-15 11:15:16] description -> ''
[2026-06-15 11:15:16] Extracting field 'ImageUrl' from chunk for https://www.nike.com/w/mens-fleece-4xh6qznik1
[2026-06-15 11:15:16] ImageUrl -> "Jordan Flight Fleece Men's Pants $68.97 $90 23% off Extra 20% w/ SUMMER"
[2026-06-15 11:15:16] Extracting field 'Color' from chunk for https://www.nike.com/w/mens-fleece-4xh6qznik1
[2026-06-15 11:15:16] Color -> "Jordan Flight Fleece Men's Pants $68.97 $90 23% off Extra 20% w/ SUMMER"
[2026-06-15 11:15:16] Extracting field 'name' from chunk for https://www.nike.com/w/mens-fleece-4xh6qznik1
[2026-06-15 11:15:16] name -> "Nike Solo Swoosh Men's Full-Zip Fleece Hoodie"
[2026-06-15 11:15:16] Extracting field 'price' from chunk for https://www.nike.com/w/mens-fleece-4xh6qznik1
[2026-06-15 11:15:16] price -> '$78.97 $100 21% off'
[2026-06-15 11:15:16] Extracting field 'description' from chunk for https://www.nike.com/w/mens-fleece-4xh6qznik1
[2026-06-15 11:15:16] description -> ''
[2026-06-15 11:15:16] Extracting field 'ImageUrl' from chunk for https://www.nike.com/w/mens-fleece-4xh6qznik1
[2026-06-15 11:15:16] ImageUrl -> "Nike Solo Swoosh Men's Full-Zip Fleece Hoodie $78.97 $100 21% off Extra 20% w/ SUMMER"
[2026-06-15 11:15:16] Extracting field 'Color' from chunk for https://www.nike.com/w/mens-fleece-4xh6qznik1
[2026-06-15 11:15:16] Color -> "Nike Solo Swoosh Men's Full-Zip Fleece Hoodie $78.97 $100 21% off Extra 20% w/ SUMMER"
[2026-06-15 11:15:16] Extracting field 'name' from chunk for https://www.nike.com/w/mens-fleece-4xh6qznik1
[2026-06-15 11:15:16] name -> "Nike Tech Men's Fleece Full-Zip Windrunner Jacket"
[2026-06-15 11:15:16] Extracting field 'price' from chunk for https://www.nike.com/w/mens-fleece-4xh6qznik1
[2026-06-15 11:15:16] price -> '$105.97 $150 29% off'
[2026-06-15 11:15:16] Extracting field 'description' from chunk for https://www.nike.com/w/mens-fleece-4xh6qznik1
[2026-06-15 11:15:16] description -> ''
[2026-06-15 11:15:16] Extracting field 'ImageUrl' from chunk for https://www.nike.com/w/mens-fleece-4xh6qznik1
[2026-06-15 11:15:16] ImageUrl -> "Nike Tech Men's Fleece Full-Zip Windrunner Jacket $105.97 $150 29% off Extra 20% w/ SUMMER"
[2026-06-15 11:15:16] Extracting field 'Color' from chunk for https://www.nike.com/w/mens-fleece-4xh6qznik1
[2026-06-15 11:15:16] Color -> "Nike Tech Men's Fleece Full-Zip Windrunner Jacket $105.97 $150 29% off Extra 20% w/ SUMMER"
[2026-06-15 11:15:16] Extracting field 'name' from chunk for https://www.nike.com/w/mens-fleece-4xh6qznik1
[2026-06-15 11:15:16] name -> "Jordan Sport Crossover Men's Dri-FIT Pullover Hoodie"
[2026-06-15 11:15:16] Extracting field 'price' from chunk for https://www.nike.com/w/mens-fleece-4xh6qznik1
[2026-06-15 11:15:16] price -> '$56.97 $72 20% off'
[2026-06-15 11:15:16] Extracting field 'description' from chunk for https://www.nike.com/w/mens-fleece-4xh6qznik1
[2026-06-15 11:15:16] description -> ''
[2026-06-15 11:15:16] Extracting field 'ImageUrl' from chunk for https://www.nike.com/w/mens-fleece-4xh6qznik1
[2026-06-15 11:15:16] ImageUrl -> "Jordan Sport Crossover Men's Dri-FIT Pullover Hoodie $56.97 $72 20% off Extra 20% w/ SUMMER"
[2026-06-15 11:15:16] Extracting field 'Color' from chunk for https://www.nike.com/w/mens-fleece-4xh6qznik1
[2026-06-15 11:15:16] Color -> "Jordan Sport Crossover Men's Dri-FIT Pullover Hoodie $56.97 $72 20% off Extra 20% w/ SUMMER"
[2026-06-15 11:15:16] Extracting field 'name' from chunk for https://www.nike.com/w/mens-fleece-4xh6qznik1
[2026-06-15 11:15:16] name -> 'Kobe Therma-FIT Basketball Pants'
[2026-06-15 11:15:16] Extracting field 'price' from chunk for https://www.nike.com/w/mens-fleece-4xh6qznik1
[2026-06-15 11:15:16] price -> '$61.97 $80 22% off'
[2026-06-15 11:15:16] Extracting field 'description' from chunk for https://www.nike.com/w/mens-fleece-4xh6qznik1
[2026-06-15 11:15:16] description -> ''
[2026-06-15 11:15:16] Extracting field 'ImageUrl' from chunk for https://www.nike.com/w/mens-fleece-4xh6qznik1
[2026-06-15 11:15:16] ImageUrl -> 'Recycled Materials Kobe Therma-FIT Basketball Pants $61.97 $80 22% off Extra 20% w/ SUMMER'
[2026-06-15 11:15:16] Extracting field 'Color' from chunk for https://www.nike.com/w/mens-fleece-4xh6qznik1
[2026-06-15 11:15:16] Color -> 'Recycled Materials Kobe Therma-FIT Basketball Pants $61.97 $80 22% off Extra 20% w/ SUMMER'
[2026-06-15 11:15:16] Extracting field 'name' from chunk for https://www.nike.com/w/mens-fleece-4xh6qznik1
[2026-06-15 11:15:16] name -> "Kobe Men's Pullover Basketball Hoodie"
[2026-06-15 11:15:16] Extracting field 'price' from chunk for https://www.nike.com/w/mens-fleece-4xh6qznik1
[2026-06-15 11:15:16] price -> '$80.97 $110 26% off'
[2026-06-15 11:15:16] Extracting field 'description' from chunk for https://www.nike.com/w/mens-fleece-4xh6qznik1
[2026-06-15 11:15:16] description -> ''
[2026-06-15 11:15:16] Extracting field 'ImageUrl' from chunk for https://www.nike.com/w/mens-fleece-4xh6qznik1
[2026-06-15 11:15:16] ImageUrl -> ''
[2026-06-15 11:15:16] Extracting field 'Color' from chunk for https://www.nike.com/w/mens-fleece-4xh6qznik1
[2026-06-15 11:15:16] Color -> 'Extra 20% w/ SUMMER'
[2026-06-15 11:15:16] Extracting field 'name' from chunk for https://www.nike.com/w/mens-fleece-4xh6qznik1
[2026-06-15 11:15:16] name -> "Jordan Brooklyn Men's Fleece Crewneck Sweatshirt"
[2026-06-15 11:15:16] Extracting field 'price' from chunk for https://www.nike.com/w/mens-fleece-4xh6qznik1
[2026-06-15 11:15:16] price -> '$58.97 $75 21% off'
[2026-06-15 11:15:16] Extracting field 'description' from chunk for https://www.nike.com/w/mens-fleece-4xh6qznik1
[2026-06-15 11:15:16] description -> ''
[2026-06-15 11:15:16] Extracting field 'ImageUrl' from chunk for https://www.nike.com/w/mens-fleece-4xh6qznik1
[2026-06-15 11:15:16] ImageUrl -> ''
[2026-06-15 11:15:16] Extracting field 'Color' from chunk for https://www.nike.com/w/mens-fleece-4xh6qznik1
[2026-06-15 11:15:16] Color -> ''
[2026-06-15 11:15:16] Extracting field 'name' from chunk for https://www.nike.com/w/mens-fleece-4xh6qznik1
[2026-06-15 11:15:16] name -> "NikeCourt Heritage Men's Dri-FIT Fleece Tennis Shorts"
[2026-06-15 11:15:16] Extracting field 'price' from chunk for https://www.nike.com/w/mens-fleece-4xh6qznik1
[2026-06-15 11:15:16] price -> '$58.97 $75 21% off'
[2026-06-15 11:15:16] Extracting field 'description' from chunk for https://www.nike.com/w/mens-fleece-4xh6qznik1
[2026-06-15 11:15:16] description -> ''
[2026-06-15 11:15:16] Extracting field 'ImageUrl' from chunk for https://www.nike.com/w/mens-fleece-4xh6qznik1
[2026-06-15 11:15:16] ImageUrl -> "NikeCourt Heritage Men's Dri-FIT Fleece Tennis Shorts $58.97 $75 21% off Extra 20% w/ SUMMER"
[2026-06-15 11:15:16] Extracting field 'Color' from chunk for https://www.nike.com/w/mens-fleece-4xh6qznik1
[2026-06-15 11:15:16] Color -> "NikeCourt Heritage Men's Dri-FIT Fleece Tennis Shorts $58.97 $75 21% off Extra 20% w/ SUMMER"
[2026-06-15 11:15:16] Extracting field 'name' from chunk for https://www.nike.com/w/mens-fleece-4xh6qznik1
[2026-06-15 11:15:16] name -> "Book Standard Issue Men's Brushed Pants"
[2026-06-15 11:15:16] Extracting field 'price' from chunk for https://www.nike.com/w/mens-fleece-4xh6qznik1
[2026-06-15 11:15:16] price -> '$96.97 $135 28% off'
[2026-06-15 11:15:16] Extracting field 'description' from chunk for https://www.nike.com/w/mens-fleece-4xh6qznik1
[2026-06-15 11:15:16] description -> ''
[2026-06-15 11:15:16] Extracting field 'ImageUrl' from chunk for https://www.nike.com/w/mens-fleece-4xh6qznik1
[2026-06-15 11:15:16] ImageUrl -> ''
[2026-06-15 11:15:16] Extracting field 'Color' from chunk for https://www.nike.com/w/mens-fleece-4xh6qznik1
[2026-06-15 11:15:16] Color -> ''
[2026-06-15 11:15:16] Extracting field 'name' from chunk for https://www.nike.com/w/mens-fleece-4xh6qznik1
[2026-06-15 11:15:16] name -> "Jordan Sport Crossover Men's Fleece Pants"
[2026-06-15 11:15:16] Extracting field 'price' from chunk for https://www.nike.com/w/mens-fleece-4xh6qznik1
[2026-06-15 11:15:16] price -> '$60.97 $78 21% off'
[2026-06-15 11:15:16] Extracting field 'description' from chunk for https://www.nike.com/w/mens-fleece-4xh6qznik1
[2026-06-15 11:15:16] description -> ''
[2026-06-15 11:15:16] Extracting field 'ImageUrl' from chunk for https://www.nike.com/w/mens-fleece-4xh6qznik1
[2026-06-15 11:15:16] ImageUrl -> "Jordan Sport Crossover Men's Fleece Pants $60.97 $78 21% off Extra 20% w/ SUMMER"
[2026-06-15 11:15:16] Extracting field 'Color' from chunk for https://www.nike.com/w/mens-fleece-4xh6qznik1
[2026-06-15 11:15:16] Color -> "Jordan Sport Crossover Men's Fleece Pants $60.97 $78 21% off Extra 20% w/ SUMMER"
[2026-06-15 11:15:16] Extracting field 'name' from chunk for https://www.nike.com/w/mens-fleece-4xh6qznik1
[2026-06-15 11:15:16] name -> "Nike Primary Fleece Men's Dri-FIT UV Pullover Performance Hoodie"
[2026-06-15 11:15:16] Extracting field 'price' from chunk for https://www.nike.com/w/mens-fleece-4xh6qznik1
[2026-06-15 11:15:16] price -> '$61.97 $80 22% off'
[2026-06-15 11:15:16] Extracting field 'description' from chunk for https://www.nike.com/w/mens-fleece-4xh6qznik1
[2026-06-15 11:15:16] description -> ''
[2026-06-15 11:15:16] Extracting field 'ImageUrl' from chunk for https://www.nike.com/w/mens-fleece-4xh6qznik1
[2026-06-15 11:15:16] ImageUrl -> "Recycled Materials Nike Primary Fleece Men's Dri-FIT UV Pullover Performance Hoodie $61.97 $80 22% off Extra 20% w/ SUMMER"
[2026-06-15 11:15:16] Extracting field 'Color' from chunk for https://www.nike.com/w/mens-fleece-4xh6qznik1
[2026-06-15 11:15:16] Color -> "Recycled Materials Nike Primary Fleece Men's Dri-FIT UV Pullover Performance Hoodie $61.97 $80 22% off Extra 20% w/ SUMMER"
[2026-06-15 11:15:16] Extracting field 'name' from chunk for https://www.nike.com/w/mens-fleece-4xh6qznik1
[2026-06-15 11:15:16] name -> 'Nike Primary Fleece Men\'s 7" Dri-FIT Unlined Performance Shorts'
[2026-06-15 11:15:16] Extracting field 'price' from chunk for https://www.nike.com/w/mens-fleece-4xh6qznik1
[2026-06-15 11:15:16] price -> '$55.97 $70 20% off'
[2026-06-15 11:15:16] Extracting field 'description' from chunk for https://www.nike.com/w/mens-fleece-4xh6qznik1
[2026-06-15 11:15:16] description -> ''
[2026-06-15 11:15:16] Extracting field 'ImageUrl' from chunk for https://www.nike.com/w/mens-fleece-4xh6qznik1
[2026-06-15 11:15:16] ImageUrl -> 'Recycled Materials Nike Primary Fleece Men\'s 7" Dri-FIT Unlined Performance Shorts $55.97 $70 20% off Extra 20% w/ SUMMER'
[2026-06-15 11:15:16] Extracting field 'Color' from chunk for https://www.nike.com/w/mens-fleece-4xh6qznik1
[2026-06-15 11:15:16] Color -> 'Recycled Materials Nike Primary Fleece Men\'s 7" Dri-FIT Unlined Performance Shorts $55.97 $70 20% off Extra 20% w/ SUMMER'
[2026-06-15 11:15:16] Extracting field 'name' from chunk for https://www.nike.com/w/mens-fleece-4xh6qznik1
[2026-06-15 11:15:16] name -> 'Caitlin Clark Nike Basketball Phoenix Fleece Pullover Hoodie'
[2026-06-15 11:15:16] Extracting field 'price' from chunk for https://www.nike.com/w/mens-fleece-4xh6qznik1
[2026-06-15 11:15:16] price -> '$68.97 $90 23% off'
[2026-06-15 11:15:16] Extracting field 'description' from chunk for https://www.nike.com/w/mens-fleece-4xh6qznik1
[2026-06-15 11:15:16] description -> ''
[2026-06-15 11:15:16] Extracting field 'ImageUrl' from chunk for https://www.nike.com/w/mens-fleece-4xh6qznik1
[2026-06-15 11:15:16] ImageUrl -> 'Caitlin Clark Nike Basketball Phoenix Fleece Pullover Hoodie $68.97 $90 23% off Extra 20% w/ SUMMER'
[2026-06-15 11:15:16] Extracting field 'Color' from chunk for https://www.nike.com/w/mens-fleece-4xh6qznik1
[2026-06-15 11:15:16] Color -> 'Caitlin Clark Nike Basketball Phoenix Fleece Pullover Hoodie $68.97 $90 23% off Extra 20% w/ SUMMER'
[2026-06-15 11:15:16] Extracting field 'name' from chunk for https://www.nike.com/w/mens-fleece-4xh6qznik1
[2026-06-15 11:15:16] name -> "Ja Men's Nike Therma-FIT Pullover Basketball Hoodie"
[2026-06-15 11:15:16] Extracting field 'price' from chunk for https://www.nike.com/w/mens-fleece-4xh6qznik1
[2026-06-15 11:15:16] price -> '$143.97 $210 31% off'
[2026-06-15 11:15:16] Extracting field 'description' from chunk for https://www.nike.com/w/mens-fleece-4xh6qznik1
[2026-06-15 11:15:16] description -> ''
[2026-06-15 11:15:16] Extracting field 'ImageUrl' from chunk for https://www.nike.com/w/mens-fleece-4xh6qznik1
[2026-06-15 11:15:16] ImageUrl -> ''
[2026-06-15 11:15:16] Extracting field 'Color' from chunk for https://www.nike.com/w/mens-fleece-4xh6qznik1
[2026-06-15 11:15:16] Color -> 'Extra 20% w/ SUMMER'
[2026-06-15 11:15:16] Extracting field 'name' from chunk for https://www.nike.com/w/mens-fleece-4xh6qznik1
[2026-06-15 11:15:16] name -> "Nike Sportswear Club Men's Cuffed Fleece Pants"
[2026-06-15 11:15:16] Extracting field 'price' from chunk for https://www.nike.com/w/mens-fleece-4xh6qznik1
[2026-06-15 11:15:16] price -> '$52.97 $65 18% off'
[2026-06-15 11:15:17] Extracting field 'description' from chunk for https://www.nike.com/w/mens-fleece-4xh6qznik1
[2026-06-15 11:15:17] description -> ''
[2026-06-15 11:15:17] Extracting field 'ImageUrl' from chunk for https://www.nike.com/w/mens-fleece-4xh6qznik1
[2026-06-15 11:15:17] ImageUrl -> ''
[2026-06-15 11:15:17] Extracting field 'Color' from chunk for https://www.nike.com/w/mens-fleece-4xh6qznik1
[2026-06-15 11:15:17] Color -> 'Extra 20% w/ SUMMER'
[2026-06-15 11:15:17] Extracting field 'name' from chunk for https://www.nike.com/w/mens-fleece-4xh6qznik1
[2026-06-15 11:15:17] name -> "Nike Club Men's Fleece Bungee Pants"
[2026-06-15 11:15:17] Extracting field 'price' from chunk for https://www.nike.com/w/mens-fleece-4xh6qznik1
[2026-06-15 11:15:17] price -> '$52.97 $65 18% off'
[2026-06-15 11:15:17] Extracting field 'description' from chunk for https://www.nike.com/w/mens-fleece-4xh6qznik1
[2026-06-15 11:15:17] description -> ''
[2026-06-15 11:15:17] Extracting field 'ImageUrl' from chunk for https://www.nike.com/w/mens-fleece-4xh6qznik1
[2026-06-15 11:15:17] ImageUrl -> ''
[2026-06-15 11:15:17] Extracting field 'Color' from chunk for https://www.nike.com/w/mens-fleece-4xh6qznik1
[2026-06-15 11:15:17] Color -> 'Extra 20% w/ SUMMER'
[2026-06-15 11:15:17] Extracting field 'name' from chunk for https://www.nike.com/w/mens-fleece-4xh6qznik1
[2026-06-15 11:15:17] name -> "Nike Primary Fleece Men's Dri-FIT UV Performance Joggers"
[2026-06-15 11:15:17] Extracting field 'price' from chunk for https://www.nike.com/w/mens-fleece-4xh6qznik1
[2026-06-15 11:15:17] price -> '$61.97 $80 22% off'
[2026-06-15 11:15:17] Extracting field 'description' from chunk for https://www.nike.com/w/mens-fleece-4xh6qznik1
[2026-06-15 11:15:17] description -> ''
[2026-06-15 11:15:17] Extracting field 'ImageUrl' from chunk for https://www.nike.com/w/mens-fleece-4xh6qznik1
[2026-06-15 11:15:17] ImageUrl -> "Recycled Materials Nike Primary Fleece Men's Dri-FIT UV Performance Joggers $61.97 $80 22% off Extra 20% w/ SUMMER"
[2026-06-15 11:15:17] Extracting field 'Color' from chunk for https://www.nike.com/w/mens-fleece-4xh6qznik1
[2026-06-15 11:15:17] Color -> "Recycled Materials Nike Primary Fleece Men's Dri-FIT UV Performance Joggers $61.97 $80 22% off Extra 20% w/ SUMMER"
[2026-06-15 11:15:17] Extracting field 'name' from chunk for https://www.nike.com/w/mens-fleece-4xh6qznik1
[2026-06-15 11:15:17] name -> "Nike Sportswear Club Men's Graphic Fleece Crew"
[2026-06-15 11:15:17] Extracting field 'price' from chunk for https://www.nike.com/w/mens-fleece-4xh6qznik1
[2026-06-15 11:15:17] price -> '$52.97 $65 18% off'
[2026-06-15 11:15:17] Extracting field 'description' from chunk for https://www.nike.com/w/mens-fleece-4xh6qznik1
[2026-06-15 11:15:17] description -> ''
[2026-06-15 11:15:17] Extracting field 'ImageUrl' from chunk for https://www.nike.com/w/mens-fleece-4xh6qznik1
[2026-06-15 11:15:17] ImageUrl -> ''
[2026-06-15 11:15:17] Extracting field 'Color' from chunk for https://www.nike.com/w/mens-fleece-4xh6qznik1
[2026-06-15 11:15:17] Color -> 'Extra 20% w/ SUMMER'
[2026-06-15 11:15:17] Extracting field 'name' from chunk for https://www.nike.com/w/mens-fleece-4xh6qznik1
[2026-06-15 11:15:17] name -> "NOCTA Men's Fleece CS Crew"
[2026-06-15 11:15:17] Extracting field 'price' from chunk for https://www.nike.com/w/mens-fleece-4xh6qznik1
[2026-06-15 11:15:17] price -> '$61.97 $80 22% off'
[2026-06-15 11:15:17] Extracting field 'description' from chunk for https://www.nike.com/w/mens-fleece-4xh6qznik1
[2026-06-15 11:15:17] description -> ''
[2026-06-15 11:15:17] Extracting field 'ImageUrl' from chunk for https://www.nike.com/w/mens-fleece-4xh6qznik1
[2026-06-15 11:15:17] ImageUrl -> ''
[2026-06-15 11:15:17] Extracting field 'Color' from chunk for https://www.nike.com/w/mens-fleece-4xh6qznik1
[2026-06-15 11:15:17] Color -> ''
[2026-06-15 11:15:17] Extracting field 'name' from chunk for https://www.nike.com/w/mens-fleece-4xh6qznik1
[2026-06-15 11:15:17] name -> "Jordan Brooklyn Men's Hike Mike Full-Zip Hoodie"
[2026-06-15 11:15:17] Extracting field 'price' from chunk for https://www.nike.com/w/mens-fleece-4xh6qznik1
[2026-06-15 11:15:17] price -> '$64.97 $85 23% off'
[2026-06-15 11:15:17] Extracting field 'description' from chunk for https://www.nike.com/w/mens-fleece-4xh6qznik1
[2026-06-15 11:15:17] description -> ''
[2026-06-15 11:15:17] Extracting field 'ImageUrl' from chunk for https://www.nike.com/w/mens-fleece-4xh6qznik1
[2026-06-15 11:15:17] ImageUrl -> "Jordan Brooklyn Men's Hike Mike Full-Zip Hoodie $64.97 $85 23% off Extra 20% w/ SUMMER"
[2026-06-15 11:15:17] Extracting field 'Color' from chunk for https://www.nike.com/w/mens-fleece-4xh6qznik1
[2026-06-15 11:15:17] Color -> "Jordan Brooklyn Men's Hike Mike Full-Zip Hoodie $64.97 $85 23% off Extra 20% w/ SUMMER"
[2026-06-15 11:15:17] Found 4 missing required fields in https://www.nike.com/w/mens-fleece-4xh6qznik1
[2026-06-15 11:15:53] batch=2 pages_processed=3 max_pages=3 visited=3 queue=978
