[2026-06-08 15:21:48] Starting spider crawl at https://www.nike.com/w/mens-shoes-nik1zy7ok with max_pages=3 and custom_fields=['name', 'price', 'image', 'description']
[2026-06-08 15:21:57] Extracted 73 chunks from https://www.nike.com/w/mens-shoes-nik1zy7ok for record extraction
[2026-06-08 15:21:57] Extracting field 'name' from chunk for https://www.nike.com/w/mens-shoes-nik1zy7ok
[2026-06-08 15:21:57] name -> 'Air Jordan 1 Retro Low OG "Phantom and Pine Green" Men\'s Shoes'
[2026-06-08 15:21:57] Extracting field 'price' from chunk for https://www.nike.com/w/mens-shoes-nik1zy7ok
[2026-06-08 15:21:57] price -> '$150'
[2026-06-08 15:21:57] Extracting field 'image' from chunk for https://www.nike.com/w/mens-shoes-nik1zy7ok
[2026-06-08 15:21:57] image -> 'https://static.nike.com/a/images/t_web_pw_592_v2/f_auto/u_126ab356-44d8-4a06-89b4-fcdcc8df0245,c_scale,fl_relative,w_1.0,h_1.0,fl_layer_apply/e510b44b-9802-458a-b2ee-9e550148a50e/AIR+JORDAN+1+RETRO+LOW+OG.png'
[2026-06-08 15:21:57] Extracting field 'description' from chunk for https://www.nike.com/w/mens-shoes-nik1zy7ok
[2026-06-08 15:21:57] description -> ''
[2026-06-08 15:21:57] Extracting field 'name' from chunk for https://www.nike.com/w/mens-shoes-nik1zy7ok
[2026-06-08 15:21:57] name -> "Jordan Sixty Plus Low Men's Shoes"
[2026-06-08 15:21:57] Extracting field 'price' from chunk for https://www.nike.com/w/mens-shoes-nik1zy7ok
[2026-06-08 15:21:57] price -> '$160'
[2026-06-08 15:21:57] Extracting field 'image' from chunk for https://www.nike.com/w/mens-shoes-nik1zy7ok
[2026-06-08 15:21:57] image -> "Best Seller Jordan Sixty Plus Low Men's Shoes $160"
[2026-06-08 15:21:57] Extracting field 'description' from chunk for https://www.nike.com/w/mens-shoes-nik1zy7ok
[2026-06-08 15:21:57] description -> ''
[2026-06-08 15:21:57] Extracting field 'name' from chunk for https://www.nike.com/w/mens-shoes-nik1zy7ok
[2026-06-08 15:21:57] name -> "Nike Air Force 1 Low Retro Men's Shoes"
[2026-06-08 15:21:57] Extracting field 'price' from chunk for https://www.nike.com/w/mens-shoes-nik1zy7ok
[2026-06-08 15:21:57] price -> '$125'
[2026-06-08 15:21:57] Extracting field 'image' from chunk for https://www.nike.com/w/mens-shoes-nik1zy7ok
[2026-06-08 15:21:57] image -> 'https://static.nike.com/a/images/t_web_pw_592_v2/f_auto/u_9ddf04c7-2a9a-4d76-add1-d15af8f0263d,c_scale,fl_relative,w_1.0,h_1.0,fl_layer_apply/77997ab1-a23e-4364-89b9-4f0aef1c3331/AIR+FORCE+1+LOW+RETRO+QS.png'
[2026-06-08 15:21:57] Extracting field 'description' from chunk for https://www.nike.com/w/mens-shoes-nik1zy7ok
[2026-06-08 15:21:57] description -> ''
[2026-06-08 15:21:57] Extracting field 'name' from chunk for https://www.nike.com/w/mens-shoes-nik1zy7ok
[2026-06-08 15:21:57] name -> "Nike Air Max 95 Big Bubble SE Men's Shoes"
[2026-06-08 15:21:57] Extracting field 'price' from chunk for https://www.nike.com/w/mens-shoes-nik1zy7ok
[2026-06-08 15:21:57] price -> '$190'
[2026-06-08 15:21:57] Extracting field 'image' from chunk for https://www.nike.com/w/mens-shoes-nik1zy7ok
[2026-06-08 15:21:57] image -> "Just In Nike Air Max 95 Big Bubble SE Men's Shoes $190"
[2026-06-08 15:21:57] Extracting field 'description' from chunk for https://www.nike.com/w/mens-shoes-nik1zy7ok
[2026-06-08 15:21:57] description -> ''
[2026-06-08 15:21:57] Extracting field 'name' from chunk for https://www.nike.com/w/mens-shoes-nik1zy7ok
[2026-06-08 15:21:57] name -> "Nike Air Max Plus OG Premium Men's Shoes"
[2026-06-08 15:21:57] Extracting field 'price' from chunk for https://www.nike.com/w/mens-shoes-nik1zy7ok
[2026-06-08 15:21:57] price -> '$190'
[2026-06-08 15:21:57] Extracting field 'image' from chunk for https://www.nike.com/w/mens-shoes-nik1zy7ok
[2026-06-08 15:21:57] image -> "Just In Nike Air Max Plus OG Premium Men's Shoes $190"
[2026-06-08 15:21:57] Extracting field 'description' from chunk for https://www.nike.com/w/mens-shoes-nik1zy7ok
[2026-06-08 15:21:57] description -> ''
[2026-06-08 15:21:57] Extracting field 'name' from chunk for https://www.nike.com/w/mens-shoes-nik1zy7ok
[2026-06-08 15:21:57] name -> 'Summer Essentials'
[2026-06-08 15:21:57] Extracting field 'price' from chunk for https://www.nike.com/w/mens-shoes-nik1zy7ok
[2026-06-08 15:21:57] price -> ''
[2026-06-08 15:21:57] Extracting field 'image' from chunk for https://www.nike.com/w/mens-shoes-nik1zy7ok
[2026-06-08 15:21:57] image -> 'https://static.nike.com/a/images/w_960,c_limit/ac44844d-8681-426d-95e5-3c7364914af5/image.jpg'
[2026-06-08 15:21:57] Extracting field 'description' from chunk for https://www.nike.com/w/mens-shoes-nik1zy7ok
[2026-06-08 15:21:57] description -> ''
[2026-06-08 15:21:57] Extracting field 'name' from chunk for https://www.nike.com/w/mens-shoes-nik1zy7ok
[2026-06-08 15:21:57] name -> "Nike Air Max 90 Premium Men's Shoes"
[2026-06-08 15:21:57] Extracting field 'price' from chunk for https://www.nike.com/w/mens-shoes-nik1zy7ok
[2026-06-08 15:21:57] price -> '$145'
[2026-06-08 15:21:57] Extracting field 'image' from chunk for https://www.nike.com/w/mens-shoes-nik1zy7ok
[2026-06-08 15:21:57] image -> "Just In Nike Air Max 90 Premium Men's Shoes $145"
[2026-06-08 15:21:57] Extracting field 'description' from chunk for https://www.nike.com/w/mens-shoes-nik1zy7ok
[2026-06-08 15:21:57] description -> ''
[2026-06-08 15:21:57] Extracting field 'name' from chunk for https://www.nike.com/w/mens-shoes-nik1zy7ok
[2026-06-08 15:21:57] name -> "Nike Gato LV8 Men's Shoes"
[2026-06-08 15:21:57] Extracting field 'price' from chunk for https://www.nike.com/w/mens-shoes-nik1zy7ok
[2026-06-08 15:21:57] price -> '$125'
[2026-06-08 15:21:57] Extracting field 'image' from chunk for https://www.nike.com/w/mens-shoes-nik1zy7ok
[2026-06-08 15:21:57] image -> "Just In Nike Gato LV8 Men's Shoes $125"
[2026-06-08 15:21:57] Extracting field 'description' from chunk for https://www.nike.com/w/mens-shoes-nik1zy7ok
[2026-06-08 15:21:57] description -> ''
[2026-06-08 15:21:57] Extracting field 'name' from chunk for https://www.nike.com/w/mens-shoes-nik1zy7ok
[2026-06-08 15:21:57] name -> 'Air Jordan 4 "Toro" Men\'s Shoes'
[2026-06-08 15:21:57] Extracting field 'price' from chunk for https://www.nike.com/w/mens-shoes-nik1zy7ok
[2026-06-08 15:21:57] price -> '$220'
[2026-06-08 15:21:57] Extracting field 'image' from chunk for https://www.nike.com/w/mens-shoes-nik1zy7ok
[2026-06-08 15:21:57] image -> 'https://static.nike.com/a/images/t_web_pw_592_v2/f_auto/u_126ab356-44d8-4a06-89b4-fcdcc8df0245,c_scale,fl_relative,w_1.0,h_1.0,fl_layer_apply/4fde2cc9-99ff-469a-81b3-e74ffe5be20f/AIR+JORDAN+4+RETRO.png'
[2026-06-08 15:21:57] Extracting field 'description' from chunk for https://www.nike.com/w/mens-shoes-nik1zy7ok
[2026-06-08 15:21:57] description -> ''
[2026-06-08 15:21:57] Extracting field 'name' from chunk for https://www.nike.com/w/mens-shoes-nik1zy7ok
[2026-06-08 15:21:57] name -> 'Air Jordan 3 "World\'s Best" Men\'s Shoes'
[2026-06-08 15:21:57] Extracting field 'price' from chunk for https://www.nike.com/w/mens-shoes-nik1zy7ok
[2026-06-08 15:21:57] price -> '$215'
[2026-06-08 15:21:57] Extracting field 'image' from chunk for https://www.nike.com/w/mens-shoes-nik1zy7ok
[2026-06-08 15:21:57] image -> 'https://static.nike.com/a/images/t_web_pw_592_v2/f_auto/u_126ab356-44d8-4a06-89b4-fcdcc8df0245,c_scale,fl_relative,w_1.0,h_1.0,fl_layer_apply/31313d8b-c313-4270-91d8-f03d8078f960/AIR+JORDAN+3+RETRO+OG.png'
[2026-06-08 15:21:57] Extracting field 'description' from chunk for https://www.nike.com/w/mens-shoes-nik1zy7ok
[2026-06-08 15:21:57] description -> ''
[2026-06-08 15:21:57] Extracting field 'name' from chunk for https://www.nike.com/w/mens-shoes-nik1zy7ok
[2026-06-08 15:21:57] name -> "Nike Pegasus Premium Men's Road Running Shoes"
[2026-06-08 15:21:57] Extracting field 'price' from chunk for https://www.nike.com/w/mens-shoes-nik1zy7ok
[2026-06-08 15:21:57] price -> '$220'
[2026-06-08 15:21:57] Extracting field 'image' from chunk for https://www.nike.com/w/mens-shoes-nik1zy7ok
[2026-06-08 15:21:57] image -> "Best Seller Nike Pegasus Premium Men's Road Running Shoes $220"
[2026-06-08 15:21:57] Extracting field 'description' from chunk for https://www.nike.com/w/mens-shoes-nik1zy7ok
[2026-06-08 15:21:57] description -> ''
[2026-06-08 15:21:57] Extracting field 'name' from chunk for https://www.nike.com/w/mens-shoes-nik1zy7ok
[2026-06-08 15:21:57] name -> "Nike Vomero Premium Men's Road Running Shoes"
[2026-06-08 15:21:57] Extracting field 'price' from chunk for https://www.nike.com/w/mens-shoes-nik1zy7ok
[2026-06-08 15:21:57] price -> '$230'
[2026-06-08 15:21:57] Extracting field 'image' from chunk for https://www.nike.com/w/mens-shoes-nik1zy7ok
[2026-06-08 15:21:57] image -> "Best Seller Nike Vomero Premium Men's Road Running Shoes $230"
[2026-06-08 15:21:57] Extracting field 'description' from chunk for https://www.nike.com/w/mens-shoes-nik1zy7ok
[2026-06-08 15:21:57] description -> ''
[2026-06-08 15:21:57] Extracting field 'name' from chunk for https://www.nike.com/w/mens-shoes-nik1zy7ok
[2026-06-08 15:21:57] name -> 'Nike Air Max 90 "Hypervenom" Men\'s Shoes'
[2026-06-08 15:21:57] Extracting field 'price' from chunk for https://www.nike.com/w/mens-shoes-nik1zy7ok
[2026-06-08 15:21:57] price -> '$150'
[2026-06-08 15:21:57] Extracting field 'image' from chunk for https://www.nike.com/w/mens-shoes-nik1zy7ok
[2026-06-08 15:21:57] image -> 'https://static.nike.com/a/images/t_web_pw_592_v2/f_auto/u_9ddf04c7-2a9a-4d76-add1-d15af8f0263d,c_scale,fl_relative,w_1.0,h_1.0,fl_layer_apply/26e2f0d9-ff3e-40b7-9fc9-17875215b199/AIR+MAX+90.png'
[2026-06-08 15:21:57] Extracting field 'description' from chunk for https://www.nike.com/w/mens-shoes-nik1zy7ok
[2026-06-08 15:21:57] description -> ''
[2026-06-08 15:21:57] Extracting field 'name' from chunk for https://www.nike.com/w/mens-shoes-nik1zy7ok
[2026-06-08 15:21:57] name -> 'Nike Air Max 90 "Mercurial" Men\'s Shoes'
[2026-06-08 15:21:57] Extracting field 'price' from chunk for https://www.nike.com/w/mens-shoes-nik1zy7ok
[2026-06-08 15:21:57] price -> '$150'
[2026-06-08 15:21:57] Extracting field 'image' from chunk for https://www.nike.com/w/mens-shoes-nik1zy7ok
[2026-06-08 15:21:57] image -> 'https://static.nike.com/a/images/t_web_pw_592_v2/f_auto/u_9ddf04c7-2a9a-4d76-add1-d15af8f0263d,c_scale,fl_relative,w_1.0,h_1.0,fl_layer_apply/49c3e628-1b11-444b-b05c-546e94ad6bae/AIR+MAX+90+SE.png'
[2026-06-08 15:21:57] Extracting field 'description' from chunk for https://www.nike.com/w/mens-shoes-nik1zy7ok
[2026-06-08 15:21:57] description -> ''
[2026-06-08 15:21:57] Extracting field 'name' from chunk for https://www.nike.com/w/mens-shoes-nik1zy7ok
[2026-06-08 15:21:57] name -> 'Nike Air Max 90 "Tiempo" Men\'s Shoes'
[2026-06-08 15:21:57] Extracting field 'price' from chunk for https://www.nike.com/w/mens-shoes-nik1zy7ok
[2026-06-08 15:21:57] price -> '$150'
[2026-06-08 15:21:57] Extracting field 'image' from chunk for https://www.nike.com/w/mens-shoes-nik1zy7ok
[2026-06-08 15:21:57] image -> 'https://static.nike.com/a/images/t_web_pw_592_v2/f_auto/u_9ddf04c7-2a9a-4d76-add1-d15af8f0263d,c_scale,fl_relative,w_1.0,h_1.0,fl_layer_apply/08876b1e-0faf-4f60-a45c-2a0e30468fd4/AIR+MAX+90.png'
[2026-06-08 15:21:57] Extracting field 'description' from chunk for https://www.nike.com/w/mens-shoes-nik1zy7ok
[2026-06-08 15:21:57] description -> ''
[2026-06-08 15:21:57] Extracting field 'name' from chunk for https://www.nike.com/w/mens-shoes-nik1zy7ok
[2026-06-08 15:21:57] name -> "Nike Air Max 95 Big Bubble Women's Shoes"
[2026-06-08 15:21:57] Extracting field 'price' from chunk for https://www.nike.com/w/mens-shoes-nik1zy7ok
[2026-06-08 15:21:57] price -> '$190'
[2026-06-08 15:21:57] Extracting field 'image' from chunk for https://www.nike.com/w/mens-shoes-nik1zy7ok
[2026-06-08 15:21:57] image -> "Just In Nike Air Max 95 Big Bubble Women's Shoes $190"
[2026-06-08 15:21:57] Extracting field 'description' from chunk for https://www.nike.com/w/mens-shoes-nik1zy7ok
[2026-06-08 15:21:57] description -> ''
[2026-06-08 15:21:57] Extracting field 'name' from chunk for https://www.nike.com/w/mens-shoes-nik1zy7ok
[2026-06-08 15:21:57] name -> "Nike Tennis Classic Men's Shoes"
[2026-06-08 15:21:57] Extracting field 'price' from chunk for https://www.nike.com/w/mens-shoes-nik1zy7ok
[2026-06-08 15:21:57] price -> '$105'
[2026-06-08 15:21:57] Extracting field 'image' from chunk for https://www.nike.com/w/mens-shoes-nik1zy7ok
[2026-06-08 15:21:57] image -> "Nike Tennis Classic Men's Shoes $105"
[2026-06-08 15:21:57] Extracting field 'description' from chunk for https://www.nike.com/w/mens-shoes-nik1zy7ok
[2026-06-08 15:21:57] description -> ''
[2026-06-08 15:21:57] Extracting field 'name' from chunk for https://www.nike.com/w/mens-shoes-nik1zy7ok
[2026-06-08 15:21:57] name -> "Nike Tennis Classic PRM Men's Terry Shoes"
[2026-06-08 15:21:57] Extracting field 'price' from chunk for https://www.nike.com/w/mens-shoes-nik1zy7ok
[2026-06-08 15:21:57] price -> '$125'
[2026-06-08 15:21:57] Extracting field 'image' from chunk for https://www.nike.com/w/mens-shoes-nik1zy7ok
[2026-06-08 15:21:57] image -> "Nike Tennis Classic PRM Men's Terry Shoes $125"
[2026-06-08 15:21:57] Extracting field 'description' from chunk for https://www.nike.com/w/mens-shoes-nik1zy7ok
[2026-06-08 15:21:57] description -> ''
[2026-06-08 15:21:57] Extracting field 'name' from chunk for https://www.nike.com/w/mens-shoes-nik1zy7ok
[2026-06-08 15:21:57] name -> 'Nike G.T. Cut 4 "Victor Wembanyama" Basketball Shoes'
[2026-06-08 15:21:57] Extracting field 'price' from chunk for https://www.nike.com/w/mens-shoes-nik1zy7ok
[2026-06-08 15:21:57] price -> '$210'
[2026-06-08 15:21:57] Extracting field 'image' from chunk for https://www.nike.com/w/mens-shoes-nik1zy7ok
[2026-06-08 15:21:57] image -> 'Nike G.T. Cut 4 "Victor Wembanyama" Basketball Shoes $210'
[2026-06-08 15:21:57] Extracting field 'description' from chunk for https://www.nike.com/w/mens-shoes-nik1zy7ok
[2026-06-08 15:21:57] description -> ''
[2026-06-08 15:21:57] Extracting field 'name' from chunk for https://www.nike.com/w/mens-shoes-nik1zy7ok
[2026-06-08 15:21:57] name -> 'Ja 3 x "Kool-Aid" Basketball Shoes'
[2026-06-08 15:21:57] Extracting field 'price' from chunk for https://www.nike.com/w/mens-shoes-nik1zy7ok
[2026-06-08 15:21:57] price -> '$135'
[2026-06-08 15:21:57] Extracting field 'image' from chunk for https://www.nike.com/w/mens-shoes-nik1zy7ok
[2026-06-08 15:21:57] image -> 'Ja 3 x "Kool-Aid" Basketball Shoes $135'
[2026-06-08 15:21:57] Extracting field 'description' from chunk for https://www.nike.com/w/mens-shoes-nik1zy7ok
[2026-06-08 15:21:57] description -> ''
[2026-06-08 15:21:57] Extracting field 'name' from chunk for https://www.nike.com/w/mens-shoes-nik1zy7ok
[2026-06-08 15:21:57] name -> "Nike Air DT Max '96 Low Men's Shoes"
[2026-06-08 15:21:57] Extracting field 'price' from chunk for https://www.nike.com/w/mens-shoes-nik1zy7ok
[2026-06-08 15:21:57] price -> '$170'
[2026-06-08 15:21:57] Extracting field 'image' from chunk for https://www.nike.com/w/mens-shoes-nik1zy7ok
[2026-06-08 15:21:57] image -> 'https://static.nike.com/a/images/t_web_pw_592_v2/f_auto/u_9ddf04c7-2a9a-4d76-add1-d15af8f0263d,c_scale,fl_relative,w_1.0,h_1.0,fl_layer_apply/2c602677-0efe-443f-a23b-a7b59b0442ba/AIR+DT+MAX+%2796+LOW.png'
[2026-06-08 15:21:57] Extracting field 'description' from chunk for https://www.nike.com/w/mens-shoes-nik1zy7ok
[2026-06-08 15:21:57] description -> ''
[2026-06-08 15:21:57] Extracting field 'name' from chunk for https://www.nike.com/w/mens-shoes-nik1zy7ok
[2026-06-08 15:21:57] name -> 'Nike Diamond Turf 96 TD Football Cleats'
[2026-06-08 15:21:57] Extracting field 'price' from chunk for https://www.nike.com/w/mens-shoes-nik1zy7ok
[2026-06-08 15:21:57] price -> '$220'
[2026-06-08 15:21:57] Extracting field 'image' from chunk for https://www.nike.com/w/mens-shoes-nik1zy7ok
[2026-06-08 15:21:57] image -> 'https://static.nike.com/a/images/t_web_pw_592_v2/f_auto/u_9ddf04c7-2a9a-4d76-add1-d15af8f0263d,c_scale,fl_relative,w_1.0,h_1.0,fl_layer_apply/d406fee5-94eb-4d71-8669-f24fd61527a4/DIAMOND+TURF+96+TD.png'
[2026-06-08 15:21:57] Extracting field 'description' from chunk for https://www.nike.com/w/mens-shoes-nik1zy7ok
[2026-06-08 15:21:57] description -> ''
[2026-06-08 15:21:57] Extracting field 'name' from chunk for https://www.nike.com/w/mens-shoes-nik1zy7ok
[2026-06-08 15:21:57] name -> 'Air Jordan 1 Retro Low OG "Banned" Men\'s Shoes'
[2026-06-08 15:21:57] Extracting field 'price' from chunk for https://www.nike.com/w/mens-shoes-nik1zy7ok
[2026-06-08 15:21:57] price -> '$145'
[2026-06-08 15:21:57] Extracting field 'image' from chunk for https://www.nike.com/w/mens-shoes-nik1zy7ok
[2026-06-08 15:21:57] image -> 'https://static.nike.com/a/images/t_web_pw_592_v2/f_auto/u_126ab356-44d8-4a06-89b4-fcdcc8df0245,c_scale,fl_relative,w_1.0,h_1.0,fl_layer_apply/ba9c1273-c857-431c-8ec7-f97aa861ed69/AIR+JORDAN+1+RETRO+LOW+OG.png'
[2026-06-08 15:21:57] Extracting field 'description' from chunk for https://www.nike.com/w/mens-shoes-nik1zy7ok
[2026-06-08 15:21:57] description -> ''
[2026-06-08 15:21:57] Extracting field 'name' from chunk for https://www.nike.com/w/mens-shoes-nik1zy7ok
[2026-06-08 15:21:57] name -> 'Air Jordan 1 High OG "Khaki" Women\'s Shoes'
[2026-06-08 15:21:57] Extracting field 'price' from chunk for https://www.nike.com/w/mens-shoes-nik1zy7ok
[2026-06-08 15:21:57] price -> '$185'
[2026-06-08 15:21:57] Extracting field 'image' from chunk for https://www.nike.com/w/mens-shoes-nik1zy7ok
[2026-06-08 15:21:57] image -> 'https://static.nike.com/a/images/t_web_pw_592_v2/f_auto/u_126ab356-44d8-4a06-89b4-fcdcc8df0245,c_scale,fl_relative,w_1.0,h_1.0,fl_layer_apply/0264677b-c726-4a85-9def-a6082a1768ad/WMNS+AIR+JORDAN+1+RETRO+HI+OG.png'
[2026-06-08 15:21:57] Extracting field 'description' from chunk for https://www.nike.com/w/mens-shoes-nik1zy7ok
[2026-06-08 15:21:57] description -> ''
[2026-06-08 15:21:57] Extracting field 'name' from chunk for https://www.nike.com/w/mens-shoes-nik1zy7ok
[2026-06-08 15:21:57] name -> 'Nike Dunk Low SE "LNY" Men\'s Shoes'
[2026-06-08 15:21:57] Extracting field 'price' from chunk for https://www.nike.com/w/mens-shoes-nik1zy7ok
[2026-06-08 15:21:57] price -> '$97.97 $130 24% off'
[2026-06-08 15:21:57] Extracting field 'image' from chunk for https://www.nike.com/w/mens-shoes-nik1zy7ok
[2026-06-08 15:21:57] image -> 'Nike Dunk Low SE "LNY" Men\'s Shoes $97.97 $130 24% off'
[2026-06-08 15:21:57] Extracting field 'description' from chunk for https://www.nike.com/w/mens-shoes-nik1zy7ok
[2026-06-08 15:21:57] description -> ''
[2026-06-08 15:21:57] Extracting field 'name' from chunk for https://www.nike.com/w/mens-shoes-nik1zy7ok
[2026-06-08 15:21:57] name -> "Nike Air Force 1 '07 RealTree Men's Shoes"
[2026-06-08 15:21:57] Extracting field 'price' from chunk for https://www.nike.com/w/mens-shoes-nik1zy7ok
[2026-06-08 15:21:57] price -> '$76.97 $125 38% off'
[2026-06-08 15:21:57] Extracting field 'image' from chunk for https://www.nike.com/w/mens-shoes-nik1zy7ok
[2026-06-08 15:21:57] image -> "Nike Air Force 1 '07 RealTree Men's Shoes $76.97 $125 38% off"
[2026-06-08 15:21:57] Extracting field 'description' from chunk for https://www.nike.com/w/mens-shoes-nik1zy7ok
[2026-06-08 15:21:57] description -> ''
[2026-06-08 15:21:57] Extracting field 'name' from chunk for https://www.nike.com/w/mens-shoes-nik1zy7ok
[2026-06-08 15:21:57] name -> "ACG Zegama Trail Men's Trail Running Shoes"
[2026-06-08 15:21:57] Extracting field 'price' from chunk for https://www.nike.com/w/mens-shoes-nik1zy7ok
[2026-06-08 15:21:57] price -> '$180'
[2026-06-08 15:21:57] Extracting field 'image' from chunk for https://www.nike.com/w/mens-shoes-nik1zy7ok
[2026-06-08 15:21:57] image -> "ACG Zegama Trail Men's Trail Running Shoes $180"
[2026-06-08 15:21:57] Extracting field 'description' from chunk for https://www.nike.com/w/mens-shoes-nik1zy7ok
[2026-06-08 15:21:58] description -> ''
[2026-06-08 15:21:58] Extracting field 'name' from chunk for https://www.nike.com/w/mens-shoes-nik1zy7ok
[2026-06-08 15:21:58] name -> "Nike ACG Pegasus Trail Men's Trail Running Shoes"
[2026-06-08 15:21:58] Extracting field 'price' from chunk for https://www.nike.com/w/mens-shoes-nik1zy7ok
[2026-06-08 15:21:58] price -> '$155'
[2026-06-08 15:21:58] Extracting field 'image' from chunk for https://www.nike.com/w/mens-shoes-nik1zy7ok
[2026-06-08 15:21:58] image -> "Nike ACG Pegasus Trail Men's Trail Running Shoes $155"
[2026-06-08 15:21:58] Extracting field 'description' from chunk for https://www.nike.com/w/mens-shoes-nik1zy7ok
[2026-06-08 15:21:58] description -> ''
[2026-06-08 15:21:58] Extracting field 'name' from chunk for https://www.nike.com/w/mens-shoes-nik1zy7ok
[2026-06-08 15:21:58] name -> 'Nike Phantom 6 High Elite LV8 Firm-Ground Soccer Cleats'
[2026-06-08 15:21:58] Extracting field 'price' from chunk for https://www.nike.com/w/mens-shoes-nik1zy7ok
[2026-06-08 15:21:58] price -> '$295'
[2026-06-08 15:21:58] Extracting field 'image' from chunk for https://www.nike.com/w/mens-shoes-nik1zy7ok
[2026-06-08 15:21:58] image -> 'Nike Phantom 6 High Elite LV8 Firm-Ground Soccer Cleats $295'
[2026-06-08 15:21:58] Extracting field 'description' from chunk for https://www.nike.com/w/mens-shoes-nik1zy7ok
[2026-06-08 15:21:58] description -> ''
[2026-06-08 15:21:58] Extracting field 'name' from chunk for https://www.nike.com/w/mens-shoes-nik1zy7ok
[2026-06-08 15:21:58] name -> "Nike Air Max Big Bubble Men's Shoes"
[2026-06-08 15:21:58] Extracting field 'price' from chunk for https://www.nike.com/w/mens-shoes-nik1zy7ok
[2026-06-08 15:21:58] price -> '$200'
[2026-06-08 15:21:58] Extracting field 'image' from chunk for https://www.nike.com/w/mens-shoes-nik1zy7ok
[2026-06-08 15:21:58] image -> "Nike Air Max Big Bubble Men's Shoes $200"
[2026-06-08 15:21:58] Extracting field 'description' from chunk for https://www.nike.com/w/mens-shoes-nik1zy7ok
[2026-06-08 15:21:58] description -> ''
[2026-06-08 15:21:58] Extracting field 'name' from chunk for https://www.nike.com/w/mens-shoes-nik1zy7ok
[2026-06-08 15:21:58] name -> "Nike Shox R4 Men's Shoes"
[2026-06-08 15:21:58] Extracting field 'price' from chunk for https://www.nike.com/w/mens-shoes-nik1zy7ok
[2026-06-08 15:21:58] price -> '$155'
[2026-06-08 15:21:58] Extracting field 'image' from chunk for https://www.nike.com/w/mens-shoes-nik1zy7ok
[2026-06-08 15:21:58] image -> "Nike Shox R4 Men's Shoes $155"
[2026-06-08 15:21:58] Extracting field 'description' from chunk for https://www.nike.com/w/mens-shoes-nik1zy7ok
[2026-06-08 15:21:58] description -> ''
[2026-06-08 15:21:58] Extracting field 'name' from chunk for https://www.nike.com/w/mens-shoes-nik1zy7ok
[2026-06-08 15:21:58] name -> 'Sabrina 3 "WNBA 30th" Basketball Shoes'
[2026-06-08 15:21:58] Extracting field 'price' from chunk for https://www.nike.com/w/mens-shoes-nik1zy7ok
[2026-06-08 15:21:58] price -> '$145'
[2026-06-08 15:21:58] Extracting field 'image' from chunk for https://www.nike.com/w/mens-shoes-nik1zy7ok
[2026-06-08 15:21:58] image -> 'Sabrina 3 "WNBA 30th" Basketball Shoes $145'
[2026-06-08 15:21:58] Extracting field 'description' from chunk for https://www.nike.com/w/mens-shoes-nik1zy7ok
[2026-06-08 15:21:58] description -> ''
[2026-06-08 15:21:58] Extracting field 'name' from chunk for https://www.nike.com/w/mens-shoes-nik1zy7ok
[2026-06-08 15:21:58] name -> 'LeBron XXIII "Old Glory" Basketball Shoes'
[2026-06-08 15:21:58] Extracting field 'price' from chunk for https://www.nike.com/w/mens-shoes-nik1zy7ok
[2026-06-08 15:21:58] price -> '$210'
[2026-06-08 15:21:58] Extracting field 'image' from chunk for https://www.nike.com/w/mens-shoes-nik1zy7ok
[2026-06-08 15:21:58] image -> 'LeBron XXIII "Old Glory" Basketball Shoes $210'
[2026-06-08 15:21:58] Extracting field 'description' from chunk for https://www.nike.com/w/mens-shoes-nik1zy7ok
[2026-06-08 15:21:58] description -> ''
[2026-06-08 15:21:58] Extracting field 'name' from chunk for https://www.nike.com/w/mens-shoes-nik1zy7ok
[2026-06-08 15:21:58] name -> "Nike Air Max Moto 2K Men's Shoes"
[2026-06-08 15:21:58] Extracting field 'price' from chunk for https://www.nike.com/w/mens-shoes-nik1zy7ok
[2026-06-08 15:21:58] price -> '$135'
[2026-06-08 15:21:58] Extracting field 'image' from chunk for https://www.nike.com/w/mens-shoes-nik1zy7ok
[2026-06-08 15:21:58] image -> "Nike Air Max Moto 2K Men's Shoes $135 See Price in Bag"
[2026-06-08 15:21:58] Extracting field 'description' from chunk for https://www.nike.com/w/mens-shoes-nik1zy7ok
[2026-06-08 15:21:58] description -> ''
[2026-06-08 15:21:58] Extracting field 'name' from chunk for https://www.nike.com/w/mens-shoes-nik1zy7ok
[2026-06-08 15:21:58] name -> "Nike Air Force 1 '07 Men's Shoes"
[2026-06-08 15:21:58] Extracting field 'price' from chunk for https://www.nike.com/w/mens-shoes-nik1zy7ok
[2026-06-08 15:21:58] price -> '$115'
[2026-06-08 15:21:58] Extracting field 'image' from chunk for https://www.nike.com/w/mens-shoes-nik1zy7ok
[2026-06-08 15:21:58] image -> "Nike Air Force 1 '07 Men's Shoes $115"
[2026-06-08 15:21:58] Extracting field 'description' from chunk for https://www.nike.com/w/mens-shoes-nik1zy7ok
[2026-06-08 15:21:58] description -> ''
[2026-06-08 15:21:58] Extracting field 'name' from chunk for https://www.nike.com/w/mens-shoes-nik1zy7ok
[2026-06-08 15:21:58] name -> 'Nike NEXT% TOUR 3 Golf Shoes'
[2026-06-08 15:21:58] Extracting field 'price' from chunk for https://www.nike.com/w/mens-shoes-nik1zy7ok
[2026-06-08 15:21:58] price -> '$200'
[2026-06-08 15:21:58] Extracting field 'image' from chunk for https://www.nike.com/w/mens-shoes-nik1zy7ok
[2026-06-08 15:21:58] image -> 'Nike NEXT% TOUR 3 Golf Shoes $200'
[2026-06-08 15:21:58] Extracting field 'description' from chunk for https://www.nike.com/w/mens-shoes-nik1zy7ok
[2026-06-08 15:21:58] description -> ''
[2026-06-08 15:21:58] Extracting field 'name' from chunk for https://www.nike.com/w/mens-shoes-nik1zy7ok
[2026-06-08 15:21:58] name -> 'Nike Pegasus 1 G Golf Shoes'
[2026-06-08 15:21:58] Extracting field 'price' from chunk for https://www.nike.com/w/mens-shoes-nik1zy7ok
[2026-06-08 15:21:58] price -> '$170'
[2026-06-08 15:21:58] Extracting field 'image' from chunk for https://www.nike.com/w/mens-shoes-nik1zy7ok
[2026-06-08 15:21:58] image -> 'Nike Pegasus 1 G Golf Shoes $170'
[2026-06-08 15:21:58] Extracting field 'description' from chunk for https://www.nike.com/w/mens-shoes-nik1zy7ok
[2026-06-08 15:21:58] description -> ''
[2026-06-08 15:21:58] Extracting field 'name' from chunk for https://www.nike.com/w/mens-shoes-nik1zy7ok
[2026-06-08 15:21:58] name -> "Nike Zoom Vapor 12 PRM Men's Clay Court Tennis Shoes"
[2026-06-08 15:21:58] Extracting field 'price' from chunk for https://www.nike.com/w/mens-shoes-nik1zy7ok
[2026-06-08 15:21:58] price -> '$180'
[2026-06-08 15:21:58] Extracting field 'image' from chunk for https://www.nike.com/w/mens-shoes-nik1zy7ok
[2026-06-08 15:21:58] image -> "Nike Zoom Vapor 12 PRM Men's Clay Court Tennis Shoes $180"
[2026-06-08 15:21:58] Extracting field 'description' from chunk for https://www.nike.com/w/mens-shoes-nik1zy7ok
[2026-06-08 15:21:58] description -> ''
[2026-06-08 15:21:58] Extracting field 'name' from chunk for https://www.nike.com/w/mens-shoes-nik1zy7ok
[2026-06-08 15:21:58] name -> "Nike Zoom GP Challenge 1.5 PRM Men's Hard Court Tennis Shoes"
[2026-06-08 15:21:58] Extracting field 'price' from chunk for https://www.nike.com/w/mens-shoes-nik1zy7ok
[2026-06-08 15:21:58] price -> '$180'
[2026-06-08 15:21:58] Extracting field 'image' from chunk for https://www.nike.com/w/mens-shoes-nik1zy7ok
[2026-06-08 15:21:58] image -> "Nike Zoom GP Challenge 1.5 PRM Men's Hard Court Tennis Shoes $180"
[2026-06-08 15:21:58] Extracting field 'description' from chunk for https://www.nike.com/w/mens-shoes-nik1zy7ok
[2026-06-08 15:21:58] description -> ''
[2026-06-08 15:21:58] Extracting field 'name' from chunk for https://www.nike.com/w/mens-shoes-nik1zy7ok
[2026-06-08 15:21:58] name -> "Nike Air Force 1 '07 Men's Shoes"
[2026-06-08 15:21:58] Extracting field 'price' from chunk for https://www.nike.com/w/mens-shoes-nik1zy7ok
[2026-06-08 15:21:58] price -> '$115'
[2026-06-08 15:21:58] Extracting field 'image' from chunk for https://www.nike.com/w/mens-shoes-nik1zy7ok
[2026-06-08 15:21:58] image -> "Best Seller Nike Air Force 1 '07 Men's Shoes $115"
[2026-06-08 15:21:58] Extracting field 'description' from chunk for https://www.nike.com/w/mens-shoes-nik1zy7ok
[2026-06-08 15:21:58] description -> ''
[2026-06-08 15:21:58] Extracting field 'name' from chunk for https://www.nike.com/w/mens-shoes-nik1zy7ok
[2026-06-08 15:21:58] name -> "Nike Air Force 1 '07 LV8 Men's Shoes"
[2026-06-08 15:21:58] Extracting field 'price' from chunk for https://www.nike.com/w/mens-shoes-nik1zy7ok
[2026-06-08 15:21:58] price -> '$115'
[2026-06-08 15:21:58] Extracting field 'image' from chunk for https://www.nike.com/w/mens-shoes-nik1zy7ok
[2026-06-08 15:21:58] image -> "Nike Air Force 1 '07 LV8 Men's Shoes $115"
[2026-06-08 15:21:58] Extracting field 'description' from chunk for https://www.nike.com/w/mens-shoes-nik1zy7ok
[2026-06-08 15:21:58] description -> ''
[2026-06-08 15:21:58] Extracting field 'name' from chunk for https://www.nike.com/w/mens-shoes-nik1zy7ok
[2026-06-08 15:21:58] name -> 'Air Jordan 5 Retro OG "White Metallic" Men\'s Shoes'
[2026-06-08 15:21:58] Extracting field 'price' from chunk for https://www.nike.com/w/mens-shoes-nik1zy7ok
[2026-06-08 15:21:58] price -> '$215'
[2026-06-08 15:21:58] Extracting field 'image' from chunk for https://www.nike.com/w/mens-shoes-nik1zy7ok
[2026-06-08 15:21:58] image -> 'https://static.nike.com/a/images/t_web_pw_592_v2/f_auto/u_126ab356-44d8-4a06-89b4-fcdcc8df0245,c_scale,fl_relative,w_1.0,h_1.0,fl_layer_apply/1239e8e9-f586-46f3-b9dc-cb67d029368c/AIR+JORDAN+5+RETRO+OG.png'
[2026-06-08 15:21:58] Extracting field 'description' from chunk for https://www.nike.com/w/mens-shoes-nik1zy7ok
[2026-06-08 15:21:58] description -> ''
[2026-06-08 15:21:58] Extracting field 'name' from chunk for https://www.nike.com/w/mens-shoes-nik1zy7ok
[2026-06-08 15:21:58] name -> 'Air Jordan 11 Retro Low "University Blue" Men\'s Shoes'
[2026-06-08 15:21:58] Extracting field 'price' from chunk for https://www.nike.com/w/mens-shoes-nik1zy7ok
[2026-06-08 15:21:58] price -> '$195'
[2026-06-08 15:21:58] Extracting field 'image' from chunk for https://www.nike.com/w/mens-shoes-nik1zy7ok
[2026-06-08 15:21:58] image -> 'https://static.nike.com/a/images/t_web_pw_592_v2/f_auto/u_126ab356-44d8-4a06-89b4-fcdcc8df0245,c_scale,fl_relative,w_1.0,h_1.0,fl_layer_apply/7b368064-2bbe-4034-9400-a8a60730667d/AIR+JORDAN+11+RETRO+LOW.png'
[2026-06-08 15:21:58] Extracting field 'description' from chunk for https://www.nike.com/w/mens-shoes-nik1zy7ok
[2026-06-08 15:21:58] description -> ''
[2026-06-08 15:21:58] Extracting field 'name' from chunk for https://www.nike.com/w/mens-shoes-nik1zy7ok
[2026-06-08 15:21:58] name -> "Nike Zoom Vomero 5 Men's Shoes"
[2026-06-08 15:21:58] Extracting field 'price' from chunk for https://www.nike.com/w/mens-shoes-nik1zy7ok
[2026-06-08 15:21:58] price -> '$170'
[2026-06-08 15:21:58] Extracting field 'image' from chunk for https://www.nike.com/w/mens-shoes-nik1zy7ok
[2026-06-08 15:21:58] image -> "Nike Zoom Vomero 5 Men's Shoes $170"
[2026-06-08 15:21:58] Extracting field 'description' from chunk for https://www.nike.com/w/mens-shoes-nik1zy7ok
[2026-06-08 15:21:58] description -> ''
[2026-06-08 15:21:58] Extracting field 'name' from chunk for https://www.nike.com/w/mens-shoes-nik1zy7ok
[2026-06-08 15:21:58] name -> 'Nike Ava Rover Shoes'
[2026-06-08 15:21:58] Extracting field 'price' from chunk for https://www.nike.com/w/mens-shoes-nik1zy7ok
[2026-06-08 15:21:58] price -> '$145'
[2026-06-08 15:21:58] Extracting field 'image' from chunk for https://www.nike.com/w/mens-shoes-nik1zy7ok
[2026-06-08 15:21:58] image -> 'Recycled Materials Nike Ava Rover Shoes $145 See Price in Bag'
[2026-06-08 15:21:58] Extracting field 'description' from chunk for https://www.nike.com/w/mens-shoes-nik1zy7ok
[2026-06-08 15:21:58] description -> ''
[2026-06-08 15:21:58] Extracting field 'name' from chunk for https://www.nike.com/w/mens-shoes-nik1zy7ok
[2026-06-08 15:21:58] name -> "Nike Ava Rover Premium Men's Shoes"
[2026-06-08 15:21:58] Extracting field 'price' from chunk for https://www.nike.com/w/mens-shoes-nik1zy7ok
[2026-06-08 15:21:58] price -> '$155'
[2026-06-08 15:21:58] Extracting field 'image' from chunk for https://www.nike.com/w/mens-shoes-nik1zy7ok
[2026-06-08 15:21:58] image -> "Nike Ava Rover Premium Men's Shoes $155 See Price in Bag"
[2026-06-08 15:21:58] Extracting field 'description' from chunk for https://www.nike.com/w/mens-shoes-nik1zy7ok
[2026-06-08 15:21:58] description -> ''
[2026-06-08 15:21:58] Extracting field 'name' from chunk for https://www.nike.com/w/mens-shoes-nik1zy7ok
[2026-06-08 15:21:58] name -> "Nike Ava X Men's Shoes"
[2026-06-08 15:21:58] Extracting field 'price' from chunk for https://www.nike.com/w/mens-shoes-nik1zy7ok
[2026-06-08 15:21:58] price -> '$125'
[2026-06-08 15:21:58] Extracting field 'image' from chunk for https://www.nike.com/w/mens-shoes-nik1zy7ok
[2026-06-08 15:21:58] image -> "Nike Ava X Men's Shoes $125"
[2026-06-08 15:21:58] Extracting field 'description' from chunk for https://www.nike.com/w/mens-shoes-nik1zy7ok
[2026-06-08 15:21:58] description -> ''
[2026-06-08 15:21:58] Extracting field 'name' from chunk for https://www.nike.com/w/mens-shoes-nik1zy7ok
[2026-06-08 15:21:58] name -> "Nike Vomero Plus Men's Realtree® Road Running Shoes"
[2026-06-08 15:21:58] Extracting field 'price' from chunk for https://www.nike.com/w/mens-shoes-nik1zy7ok
[2026-06-08 15:21:58] price -> '$190'
[2026-06-08 15:21:58] Extracting field 'image' from chunk for https://www.nike.com/w/mens-shoes-nik1zy7ok
[2026-06-08 15:21:58] image -> "Nike Vomero Plus Men's Realtree® Road Running Shoes $190"
[2026-06-08 15:21:58] Extracting field 'description' from chunk for https://www.nike.com/w/mens-shoes-nik1zy7ok
[2026-06-08 15:21:58] description -> ''
[2026-06-08 15:21:58] Extracting field 'name' from chunk for https://www.nike.com/w/mens-shoes-nik1zy7ok
[2026-06-08 15:21:58] name -> "Nike Dunk Low Retro Men's Shoes"
[2026-06-08 15:21:58] Extracting field 'price' from chunk for https://www.nike.com/w/mens-shoes-nik1zy7ok
[2026-06-08 15:21:58] price -> '$120'
[2026-06-08 15:21:58] Extracting field 'image' from chunk for https://www.nike.com/w/mens-shoes-nik1zy7ok
[2026-06-08 15:21:58] image -> "Nike Dunk Low Retro Men's Shoes $120"
[2026-06-08 15:21:58] Extracting field 'description' from chunk for https://www.nike.com/w/mens-shoes-nik1zy7ok
[2026-06-08 15:21:58] description -> ''
[2026-06-08 15:21:58] Extracting field 'name' from chunk for https://www.nike.com/w/mens-shoes-nik1zy7ok
[2026-06-08 15:21:58] name -> "Nike Pegasus 42 Men's Road Running Shoes"
[2026-06-08 15:21:58] Extracting field 'price' from chunk for https://www.nike.com/w/mens-shoes-nik1zy7ok
[2026-06-08 15:21:58] price -> '$145'
[2026-06-08 15:21:58] Extracting field 'image' from chunk for https://www.nike.com/w/mens-shoes-nik1zy7ok
[2026-06-08 15:21:58] image -> "Best Seller Nike Pegasus 42 Men's Road Running Shoes $145"
[2026-06-08 15:21:58] Extracting field 'description' from chunk for https://www.nike.com/w/mens-shoes-nik1zy7ok
[2026-06-08 15:21:58] description -> ''
[2026-06-08 15:21:58] Extracting field 'name' from chunk for https://www.nike.com/w/mens-shoes-nik1zy7ok
[2026-06-08 15:21:58] name -> "Nike Structure 26 Men's Road Running Shoes"
[2026-06-08 15:21:58] Extracting field 'price' from chunk for https://www.nike.com/w/mens-shoes-nik1zy7ok
[2026-06-08 15:21:58] price -> '$145'
[2026-06-08 15:21:58] Extracting field 'image' from chunk for https://www.nike.com/w/mens-shoes-nik1zy7ok
[2026-06-08 15:21:58] image -> "Recycled Materials Nike Structure 26 Men's Road Running Shoes $145"
[2026-06-08 15:21:58] Extracting field 'description' from chunk for https://www.nike.com/w/mens-shoes-nik1zy7ok
[2026-06-08 15:21:58] description -> ''
[2026-06-08 15:21:58] Extracting field 'name' from chunk for https://www.nike.com/w/mens-shoes-nik1zy7ok
[2026-06-08 15:21:58] name -> "Air Jordan 1 Low SE Men's Shoes"
[2026-06-08 15:21:58] Extracting field 'price' from chunk for https://www.nike.com/w/mens-shoes-nik1zy7ok
[2026-06-08 15:21:58] price -> '$93.97 $130 27% off'
[2026-06-08 15:21:58] Extracting field 'image' from chunk for https://www.nike.com/w/mens-shoes-nik1zy7ok
[2026-06-08 15:21:58] image -> "Air Jordan 1 Low SE Men's Shoes $93.97 $130 27% off"
[2026-06-08 15:21:58] Extracting field 'description' from chunk for https://www.nike.com/w/mens-shoes-nik1zy7ok
[2026-06-08 15:21:58] description -> ''
[2026-06-08 15:21:58] Extracting field 'name' from chunk for https://www.nike.com/w/mens-shoes-nik1zy7ok
[2026-06-08 15:21:58] name -> 'Nike Phantom 6 Low Elite "Erling Haaland" Firm-Ground Soccer Cleats'
[2026-06-08 15:21:58] Extracting field 'price' from chunk for https://www.nike.com/w/mens-shoes-nik1zy7ok
[2026-06-08 15:21:58] price -> '$270'
[2026-06-08 15:21:58] Extracting field 'image' from chunk for https://www.nike.com/w/mens-shoes-nik1zy7ok
[2026-06-08 15:21:58] image -> 'Nike Phantom 6 Low Elite "Erling Haaland" Firm-Ground Soccer Cleats $270'
[2026-06-08 15:21:58] Extracting field 'description' from chunk for https://www.nike.com/w/mens-shoes-nik1zy7ok
[2026-06-08 15:21:58] description -> ''
[2026-06-08 15:21:58] Extracting field 'name' from chunk for https://www.nike.com/w/mens-shoes-nik1zy7ok
[2026-06-08 15:21:58] name -> 'Nike Phantom 6 Low Academy "Erling Haaland" Multi-Ground Soccer Cleats'
[2026-06-08 15:21:58] Extracting field 'price' from chunk for https://www.nike.com/w/mens-shoes-nik1zy7ok
[2026-06-08 15:21:58] price -> '$100'
[2026-06-08 15:21:58] Extracting field 'image' from chunk for https://www.nike.com/w/mens-shoes-nik1zy7ok
[2026-06-08 15:21:58] image -> 'Nike Phantom 6 Low Academy "Erling Haaland" Multi-Ground Soccer Cleats $100'
[2026-06-08 15:21:58] Extracting field 'description' from chunk for https://www.nike.com/w/mens-shoes-nik1zy7ok
[2026-06-08 15:21:58] description -> ''
[2026-06-08 15:21:58] Extracting field 'name' from chunk for https://www.nike.com/w/mens-shoes-nik1zy7ok
[2026-06-08 15:21:58] name -> "Nike Pegasus Trail 5 GORE-TEX Men's Waterproof Trail Running Shoes"
[2026-06-08 15:21:58] Extracting field 'price' from chunk for https://www.nike.com/w/mens-shoes-nik1zy7ok
[2026-06-08 15:21:58] price -> '$124.97 $180 30% off'
[2026-06-08 15:21:58] Extracting field 'image' from chunk for https://www.nike.com/w/mens-shoes-nik1zy7ok
[2026-06-08 15:21:58] image -> "Recycled Materials Nike Pegasus Trail 5 GORE-TEX Men's Waterproof Trail Running Shoes $124.97 $180 30% off"
[2026-06-08 15:21:58] Extracting field 'description' from chunk for https://www.nike.com/w/mens-shoes-nik1zy7ok
[2026-06-08 15:21:58] description -> ''
[2026-06-08 15:21:58] Extracting field 'name' from chunk for https://www.nike.com/w/mens-shoes-nik1zy7ok
[2026-06-08 15:21:58] name -> 'Nike Kiger 10 Trail Running Shoes'
[2026-06-08 15:21:58] Extracting field 'price' from chunk for https://www.nike.com/w/mens-shoes-nik1zy7ok
[2026-06-08 15:21:58] price -> '$136.97 $170 19% off'
[2026-06-08 15:21:58] Extracting field 'image' from chunk for https://www.nike.com/w/mens-shoes-nik1zy7ok
[2026-06-08 15:21:58] image -> 'Nike Kiger 10 Trail Running Shoes $136.97 $170 19% off'
[2026-06-08 15:21:58] Extracting field 'description' from chunk for https://www.nike.com/w/mens-shoes-nik1zy7ok
[2026-06-08 15:21:58] description -> ''
[2026-06-08 15:21:58] Extracting field 'name' from chunk for https://www.nike.com/w/mens-shoes-nik1zy7ok
[2026-06-08 15:21:58] name -> 'Nike Diamond Standout MTL Baseball Cleats'
[2026-06-08 15:21:58] Extracting field 'price' from chunk for https://www.nike.com/w/mens-shoes-nik1zy7ok
[2026-06-08 15:21:58] price -> '$140'
[2026-06-08 15:21:58] Extracting field 'image' from chunk for https://www.nike.com/w/mens-shoes-nik1zy7ok
[2026-06-08 15:21:58] image -> 'Nike Diamond Standout MTL Baseball Cleats $140'
[2026-06-08 15:21:58] Extracting field 'description' from chunk for https://www.nike.com/w/mens-shoes-nik1zy7ok
[2026-06-08 15:21:58] description -> ''
[2026-06-08 15:21:58] Extracting field 'name' from chunk for https://www.nike.com/w/mens-shoes-nik1zy7ok
[2026-06-08 15:21:58] name -> 'Nike Diamond Showcase MCS Baseball Cleats'
[2026-06-08 15:21:58] Extracting field 'price' from chunk for https://www.nike.com/w/mens-shoes-nik1zy7ok
[2026-06-08 15:21:58] price -> '$110'
[2026-06-08 15:21:58] Extracting field 'image' from chunk for https://www.nike.com/w/mens-shoes-nik1zy7ok
[2026-06-08 15:21:58] image -> 'Nike Diamond Showcase MCS Baseball Cleats $110 See Price in Bag'
[2026-06-08 15:21:58] Extracting field 'description' from chunk for https://www.nike.com/w/mens-shoes-nik1zy7ok
[2026-06-08 15:21:58] description -> ''
[2026-06-08 15:21:58] Extracting field 'name' from chunk for https://www.nike.com/w/mens-shoes-nik1zy7ok
[2026-06-08 15:21:58] name -> "Nike Structure Plus Men's Road Running Shoes"
[2026-06-08 15:21:58] Extracting field 'price' from chunk for https://www.nike.com/w/mens-shoes-nik1zy7ok
[2026-06-08 15:21:58] price -> '$170'
[2026-06-08 15:21:58] Extracting field 'image' from chunk for https://www.nike.com/w/mens-shoes-nik1zy7ok
[2026-06-08 15:21:58] image -> "Nike Structure Plus Men's Road Running Shoes $170"
[2026-06-08 15:21:58] Extracting field 'description' from chunk for https://www.nike.com/w/mens-shoes-nik1zy7ok
[2026-06-08 15:21:58] description -> ''
[2026-06-08 15:21:58] Extracting field 'name' from chunk for https://www.nike.com/w/mens-shoes-nik1zy7ok
[2026-06-08 15:21:58] name -> "Nike Metcon 10 Men's Workout Shoes"
[2026-06-08 15:21:58] Extracting field 'price' from chunk for https://www.nike.com/w/mens-shoes-nik1zy7ok
[2026-06-08 15:21:58] price -> '$155'
[2026-06-08 15:21:58] Extracting field 'image' from chunk for https://www.nike.com/w/mens-shoes-nik1zy7ok
[2026-06-08 15:21:58] image -> "Best Seller Nike Metcon 10 Men's Workout Shoes $155"
[2026-06-08 15:21:58] Extracting field 'description' from chunk for https://www.nike.com/w/mens-shoes-nik1zy7ok
[2026-06-08 15:21:58] description -> ''
[2026-06-08 15:21:58] Extracting field 'name' from chunk for https://www.nike.com/w/mens-shoes-nik1zy7ok
[2026-06-08 15:21:58] name -> 'Nike Zoom Fly 6 Men’s Road Racing Shoe'
[2026-06-08 15:21:58] Extracting field 'price' from chunk for https://www.nike.com/w/mens-shoes-nik1zy7ok
[2026-06-08 15:21:58] price -> '$190'
[2026-06-08 15:21:58] Extracting field 'image' from chunk for https://www.nike.com/w/mens-shoes-nik1zy7ok
[2026-06-08 15:21:58] image -> 'Nike Zoom Fly 6 Men’s Road Racing Shoe $190'
[2026-06-08 15:21:58] Extracting field 'description' from chunk for https://www.nike.com/w/mens-shoes-nik1zy7ok
[2026-06-08 15:21:58] description -> ''
[2026-06-08 15:21:58] Extracting field 'name' from chunk for https://www.nike.com/w/mens-shoes-nik1zy7ok
[2026-06-08 15:21:58] name -> "Nike Streakfly 2 Men's Road Racing Shoes"
[2026-06-08 15:21:58] Extracting field 'price' from chunk for https://www.nike.com/w/mens-shoes-nik1zy7ok
[2026-06-08 15:21:58] price -> '$200'
[2026-06-08 15:21:58] Extracting field 'image' from chunk for https://www.nike.com/w/mens-shoes-nik1zy7ok
[2026-06-08 15:21:58] image -> "Nike Streakfly 2 Men's Road Racing Shoes $200"
[2026-06-08 15:21:58] Extracting field 'description' from chunk for https://www.nike.com/w/mens-shoes-nik1zy7ok
[2026-06-08 15:21:58] description -> ''
[2026-06-08 15:21:58] Extracting field 'name' from chunk for https://www.nike.com/w/mens-shoes-nik1zy7ok
[2026-06-08 15:21:58] name -> "Jordan Trunner O/S Men's Shoes"
[2026-06-08 15:21:58] Extracting field 'price' from chunk for https://www.nike.com/w/mens-shoes-nik1zy7ok
[2026-06-08 15:21:58] price -> '$115'
[2026-06-08 15:21:58] Extracting field 'image' from chunk for https://www.nike.com/w/mens-shoes-nik1zy7ok
[2026-06-08 15:21:58] image -> "Jordan Trunner O/S Men's Shoes $115"
[2026-06-08 15:21:58] Extracting field 'description' from chunk for https://www.nike.com/w/mens-shoes-nik1zy7ok
[2026-06-08 15:21:58] description -> ''
[2026-06-08 15:21:58] Extracting field 'name' from chunk for https://www.nike.com/w/mens-shoes-nik1zy7ok
[2026-06-08 15:21:58] name -> "Air Jordan 1 Low Men's Shoes"
[2026-06-08 15:21:58] Extracting field 'price' from chunk for https://www.nike.com/w/mens-shoes-nik1zy7ok
[2026-06-08 15:21:58] price -> '$120'
[2026-06-08 15:21:58] Extracting field 'image' from chunk for https://www.nike.com/w/mens-shoes-nik1zy7ok
[2026-06-08 15:21:58] image -> "Air Jordan 1 Low Men's Shoes $120"
[2026-06-08 15:21:58] Extracting field 'description' from chunk for https://www.nike.com/w/mens-shoes-nik1zy7ok
[2026-06-08 15:21:58] description -> ''
[2026-06-08 15:21:58] Extracting field 'name' from chunk for https://www.nike.com/w/mens-shoes-nik1zy7ok
[2026-06-08 15:21:58] name -> "Kobe Air Force 1 Low Men's Shoes"
[2026-06-08 15:21:58] Extracting field 'price' from chunk for https://www.nike.com/w/mens-shoes-nik1zy7ok
[2026-06-08 15:21:58] price -> '$120'
[2026-06-08 15:21:58] Extracting field 'image' from chunk for https://www.nike.com/w/mens-shoes-nik1zy7ok
[2026-06-08 15:21:58] image -> "Best Seller Kobe Air Force 1 Low Men's Shoes $120"
[2026-06-08 15:21:58] Extracting field 'description' from chunk for https://www.nike.com/w/mens-shoes-nik1zy7ok
[2026-06-08 15:21:58] description -> ''
[2026-06-08 15:21:58] Extracting field 'name' from chunk for https://www.nike.com/w/mens-shoes-nik1zy7ok
[2026-06-08 15:21:58] name -> "Nike Air Max 270 Premium Men's Shoes"
[2026-06-08 15:21:58] Extracting field 'price' from chunk for https://www.nike.com/w/mens-shoes-nik1zy7ok
[2026-06-08 15:21:59] price -> '$180'
[2026-06-08 15:21:59] Extracting field 'image' from chunk for https://www.nike.com/w/mens-shoes-nik1zy7ok
[2026-06-08 15:21:59] image -> 'https://static.nike.com/a/images/t_web_pw_592_v2/f_auto/u_9ddf04c7-2a9a-4d76-add1-d15af8f0263d,c_scale,fl_relative,w_1.0,h_1.0,fl_layer_apply/6567cb57-305a-47ef-82ba-2d1dfa44a19f/AIR+MAX+270+PREMIUM.png'
[2026-06-08 15:21:59] Extracting field 'description' from chunk for https://www.nike.com/w/mens-shoes-nik1zy7ok
[2026-06-08 15:21:59] description -> ''
[2026-06-08 15:21:59] Extracting field 'name' from chunk for https://www.nike.com/w/mens-shoes-nik1zy7ok
[2026-06-08 15:21:59] name -> 'Nike Air Max Plus VII "Kylian Mbappé" Men\'s Shoes'
[2026-06-08 15:21:59] Extracting field 'price' from chunk for https://www.nike.com/w/mens-shoes-nik1zy7ok
[2026-06-08 15:21:59] price -> '$142.97 $190 24% off'
[2026-06-08 15:21:59] Extracting field 'image' from chunk for https://www.nike.com/w/mens-shoes-nik1zy7ok
[2026-06-08 15:21:59] image -> 'Nike Air Max Plus VII "Kylian Mbappé" Men\'s Shoes $142.97 $190 24% off'
[2026-06-08 15:21:59] Extracting field 'description' from chunk for https://www.nike.com/w/mens-shoes-nik1zy7ok
[2026-06-08 15:21:59] description -> ''
[2026-06-08 15:21:59] Extracting field 'name' from chunk for https://www.nike.com/w/mens-shoes-nik1zy7ok
[2026-06-08 15:21:59] name -> "Nike Air Max Dn8 Men's Shoes"
[2026-06-08 15:21:59] Extracting field 'price' from chunk for https://www.nike.com/w/mens-shoes-nik1zy7ok
[2026-06-08 15:21:59] price -> '$220'
[2026-06-08 15:21:59] Extracting field 'image' from chunk for https://www.nike.com/w/mens-shoes-nik1zy7ok
[2026-06-08 15:21:59] image -> "Nike Air Max Dn8 Men's Shoes $220"
[2026-06-08 15:21:59] Extracting field 'description' from chunk for https://www.nike.com/w/mens-shoes-nik1zy7ok
[2026-06-08 15:21:59] description -> ''
[2026-06-08 15:21:59] Extracting field 'name' from chunk for https://www.nike.com/w/mens-shoes-nik1zy7ok
[2026-06-08 15:21:59] name -> "Nike Air Max Dn8 Leather Men's Shoes"
[2026-06-08 15:21:59] Extracting field 'price' from chunk for https://www.nike.com/w/mens-shoes-nik1zy7ok
[2026-06-08 15:21:59] price -> '$143.97 $210 31% off'
[2026-06-08 15:21:59] Extracting field 'image' from chunk for https://www.nike.com/w/mens-shoes-nik1zy7ok
[2026-06-08 15:21:59] image -> "Nike Air Max Dn8 Leather Men's Shoes $143.97 $210 31% off"
[2026-06-08 15:21:59] Extracting field 'description' from chunk for https://www.nike.com/w/mens-shoes-nik1zy7ok
[2026-06-08 15:21:59] description -> ''
[2026-06-08 15:21:59] Extracting field 'name' from chunk for https://www.nike.com/w/mens-shoes-nik1zy7ok
[2026-06-08 15:21:59] name -> 'Book 2 "Spiridon" Basketball Shoes'
[2026-06-08 15:21:59] Extracting field 'price' from chunk for https://www.nike.com/w/mens-shoes-nik1zy7ok
[2026-06-08 15:21:59] price -> '$145'
[2026-06-08 15:21:59] Extracting field 'image' from chunk for https://www.nike.com/w/mens-shoes-nik1zy7ok
[2026-06-08 15:21:59] image -> 'Book 2 "Spiridon" Basketball Shoes $145'
[2026-06-08 15:21:59] Extracting field 'description' from chunk for https://www.nike.com/w/mens-shoes-nik1zy7ok
[2026-06-08 15:21:59] description -> ''
[2026-06-08 15:21:59] Extracting field 'name' from chunk for https://www.nike.com/w/mens-shoes-nik1zy7ok
[2026-06-08 15:21:59] name -> "Nike Air Max Uptempo '95 Men's Shoes"
[2026-06-08 15:21:59] Extracting field 'price' from chunk for https://www.nike.com/w/mens-shoes-nik1zy7ok
[2026-06-08 15:21:59] price -> '$102.97 $170 39% off'
[2026-06-08 15:21:59] Extracting field 'image' from chunk for https://www.nike.com/w/mens-shoes-nik1zy7ok
[2026-06-08 15:21:59] image -> 'https://static.nike.com/a/images/t_web_pw_592_v2/f_auto/u_9ddf04c7-2a9a-4d76-add1-d15af8f0263d,c_scale,fl_relative,w_1.0,h_1.0,fl_layer_apply/auer4vgwmv8q4xmgkkkt/AIR+MAX+UPTEMPO+%2795.png'
[2026-06-08 15:21:59] Extracting field 'description' from chunk for https://www.nike.com/w/mens-shoes-nik1zy7ok
[2026-06-08 15:21:59] description -> ''
[2026-06-08 15:21:59] Extracting field 'name' from chunk for https://www.nike.com/w/mens-shoes-nik1zy7ok
[2026-06-08 15:21:59] name -> "Air Jordan Skyline Low Men's Shoes"
[2026-06-08 15:21:59] Extracting field 'price' from chunk for https://www.nike.com/w/mens-shoes-nik1zy7ok
[2026-06-08 15:21:59] price -> '$100'
[2026-06-08 15:21:59] Extracting field 'image' from chunk for https://www.nike.com/w/mens-shoes-nik1zy7ok
[2026-06-08 15:21:59] image -> "Best Seller Air Jordan Skyline Low Men's Shoes $100"
[2026-06-08 15:21:59] Extracting field 'description' from chunk for https://www.nike.com/w/mens-shoes-nik1zy7ok
[2026-06-08 15:21:59] description -> ''
[2026-06-08 15:21:59] Extracting field 'name' from chunk for https://www.nike.com/w/mens-shoes-nik1zy7ok
[2026-06-08 15:21:59] name -> "Jordan Jumpman Pro Men's Shoes"
[2026-06-08 15:21:59] Extracting field 'price' from chunk for https://www.nike.com/w/mens-shoes-nik1zy7ok
[2026-06-08 15:21:59] price -> '$150'
[2026-06-08 15:21:59] Extracting field 'image' from chunk for https://www.nike.com/w/mens-shoes-nik1zy7ok
[2026-06-08 15:21:59] image -> "Best Seller Jordan Jumpman Pro Men's Shoes $150"
[2026-06-08 15:21:59] Extracting field 'description' from chunk for https://www.nike.com/w/mens-shoes-nik1zy7ok
[2026-06-08 15:21:59] description -> ''
[2026-06-08 15:21:59] Found 2 missing required fields in https://www.nike.com/w/mens-shoes-nik1zy7ok
[2026-06-08 15:22:24] batch=1 pages_processed=1 max_pages=3 visited=1 queue=823
[2026-06-08 15:22:28] Extracted 24 chunks from https://www.nike.com/t/air-max-95-big-bubble-womens-shoes-C8qkmu3G/HJ5996-005 for record extraction
[2026-06-08 15:22:28] Extracting field 'name' from chunk for https://www.nike.com/t/air-max-95-big-bubble-womens-shoes-C8qkmu3G/HJ5996-005
[2026-06-08 15:22:28] name -> "Nike Air Max 95 Big Bubble Women's Shoes - Black/White/Medium Grey/Fresh Mint - Size 5"
[2026-06-08 15:22:28] Extracting field 'price' from chunk for https://www.nike.com/t/air-max-95-big-bubble-womens-shoes-C8qkmu3G/HJ5996-005
[2026-06-08 15:22:28] price -> '190'
[2026-06-08 15:22:28] Extracting field 'image' from chunk for https://www.nike.com/t/air-max-95-big-bubble-womens-shoes-C8qkmu3G/HJ5996-005
[2026-06-08 15:22:28] image -> 'https://static.nike.com/a/images/t_default/u_9ddf04c7-2a9a-4d76-add1-d15af8f0263d,c_scale,fl_relative,w_1.0,h_1.0,fl_layer_apply/f0f8773a-3a3d-46cf-9d02-c1b2a7b78dc0/W+NIKE+AIR+MAX+95+BIG+BUBBLE.png'
[2026-06-08 15:22:28] Extracting field 'description' from chunk for https://www.nike.com/t/air-max-95-big-bubble-womens-shoes-C8qkmu3G/HJ5996-005
[2026-06-08 15:22:28] description -> 'The Air Max 95 originally takes inspiration from the human anatomy, leading to its distinctive wavy design. This version pairs mixed materials and visible Max Air cushioning for a layered look with unbelievable comfort.'
[2026-06-08 15:22:28] Extracting field 'name' from chunk for https://www.nike.com/t/air-max-95-big-bubble-womens-shoes-C8qkmu3G/HJ5996-005
[2026-06-08 15:22:28] name -> "Nike Air Max 95 Big Bubble Women's Shoes - Black/White/Medium Grey/Fresh Mint - Size 5.5"
[2026-06-08 15:22:28] Extracting field 'price' from chunk for https://www.nike.com/t/air-max-95-big-bubble-womens-shoes-C8qkmu3G/HJ5996-005
[2026-06-08 15:22:28] price -> '190'
[2026-06-08 15:22:28] Extracting field 'image' from chunk for https://www.nike.com/t/air-max-95-big-bubble-womens-shoes-C8qkmu3G/HJ5996-005
[2026-06-08 15:22:28] image -> 'https://static.nike.com/a/images/t_default/u_9ddf04c7-2a9a-4d76-add1-d15af8f0263d,c_scale,fl_relative,w_1.0,h_1.0,fl_layer_apply/f0f8773a-3a3d-46cf-9d02-c1b2a7b78dc0/W+NIKE+AIR+MAX+95+BIG+BUBBLE.png'
[2026-06-08 15:22:28] Extracting field 'description' from chunk for https://www.nike.com/t/air-max-95-big-bubble-womens-shoes-C8qkmu3G/HJ5996-005
[2026-06-08 15:22:28] description -> 'The Air Max 95 originally takes inspiration from the human anatomy, leading to its distinctive wavy design. This version pairs mixed materials and visible Max Air cushioning for a layered look with unbelievable comfort.'
[2026-06-08 15:22:28] Extracting field 'name' from chunk for https://www.nike.com/t/air-max-95-big-bubble-womens-shoes-C8qkmu3G/HJ5996-005
[2026-06-08 15:22:28] name -> "Nike Air Max 95 Big Bubble Women's Shoes - Black/White/Medium Grey/Fresh Mint - Size 6"
[2026-06-08 15:22:28] Extracting field 'price' from chunk for https://www.nike.com/t/air-max-95-big-bubble-womens-shoes-C8qkmu3G/HJ5996-005
[2026-06-08 15:22:28] price -> '190'
[2026-06-08 15:22:28] Extracting field 'image' from chunk for https://www.nike.com/t/air-max-95-big-bubble-womens-shoes-C8qkmu3G/HJ5996-005
[2026-06-08 15:22:28] image -> 'https://static.nike.com/a/images/t_default/u_9ddf04c7-2a9a-4d76-add1-d15af8f0263d,c_scale,fl_relative,w_1.0,h_1.0,fl_layer_apply/f0f8773a-3a3d-46cf-9d02-c1b2a7b78dc0/W+NIKE+AIR+MAX+95+BIG+BUBBLE.png'
[2026-06-08 15:22:28] Extracting field 'description' from chunk for https://www.nike.com/t/air-max-95-big-bubble-womens-shoes-C8qkmu3G/HJ5996-005
[2026-06-08 15:22:28] description -> 'The Air Max 95 originally takes inspiration from the human anatomy, leading to its distinctive wavy design. This version pairs mixed materials and visible Max Air cushioning for a layered look with unbelievable comfort.'
[2026-06-08 15:22:28] Extracting field 'name' from chunk for https://www.nike.com/t/air-max-95-big-bubble-womens-shoes-C8qkmu3G/HJ5996-005
[2026-06-08 15:22:28] name -> "Nike Air Max 95 Big Bubble Women's Shoes - Black/White/Medium Grey/Fresh Mint - Size 6.5"
[2026-06-08 15:22:28] Extracting field 'price' from chunk for https://www.nike.com/t/air-max-95-big-bubble-womens-shoes-C8qkmu3G/HJ5996-005
[2026-06-08 15:22:28] price -> '190'
[2026-06-08 15:22:28] Extracting field 'image' from chunk for https://www.nike.com/t/air-max-95-big-bubble-womens-shoes-C8qkmu3G/HJ5996-005
[2026-06-08 15:22:28] image -> 'https://static.nike.com/a/images/t_default/u_9ddf04c7-2a9a-4d76-add1-d15af8f0263d,c_scale,fl_relative,w_1.0,h_1.0,fl_layer_apply/f0f8773a-3a3d-46cf-9d02-c1b2a7b78dc0/W+NIKE+AIR+MAX+95+BIG+BUBBLE.png'
[2026-06-08 15:22:28] Extracting field 'description' from chunk for https://www.nike.com/t/air-max-95-big-bubble-womens-shoes-C8qkmu3G/HJ5996-005
[2026-06-08 15:22:28] description -> 'The Air Max 95 originally takes inspiration from the human anatomy, leading to its distinctive wavy design. This version pairs mixed materials and visible Max Air cushioning for a layered look with unbelievable comfort.'
[2026-06-08 15:22:28] Extracting field 'name' from chunk for https://www.nike.com/t/air-max-95-big-bubble-womens-shoes-C8qkmu3G/HJ5996-005
[2026-06-08 15:22:28] name -> "Nike Air Max 95 Big Bubble Women's Shoes - Black/White/Medium Grey/Fresh Mint - Size 7"
[2026-06-08 15:22:28] Extracting field 'price' from chunk for https://www.nike.com/t/air-max-95-big-bubble-womens-shoes-C8qkmu3G/HJ5996-005
[2026-06-08 15:22:28] price -> '190'
[2026-06-08 15:22:28] Extracting field 'image' from chunk for https://www.nike.com/t/air-max-95-big-bubble-womens-shoes-C8qkmu3G/HJ5996-005
[2026-06-08 15:22:28] image -> 'https://static.nike.com/a/images/t_default/u_9ddf04c7-2a9a-4d76-add1-d15af8f0263d,c_scale,fl_relative,w_1.0,h_1.0,fl_layer_apply/f0f8773a-3a3d-46cf-9d02-c1b2a7b78dc0/W+NIKE+AIR+MAX+95+BIG+BUBBLE.png'
[2026-06-08 15:22:28] Extracting field 'description' from chunk for https://www.nike.com/t/air-max-95-big-bubble-womens-shoes-C8qkmu3G/HJ5996-005
[2026-06-08 15:22:28] description -> 'The Air Max 95 originally takes inspiration from the human anatomy, leading to its distinctive wavy design. This version pairs mixed materials and visible Max Air cushioning for a layered look with unbelievable comfort.'
[2026-06-08 15:22:28] Extracting field 'name' from chunk for https://www.nike.com/t/air-max-95-big-bubble-womens-shoes-C8qkmu3G/HJ5996-005
[2026-06-08 15:22:28] name -> "Nike Air Max 95 Big Bubble Women's Shoes - Black/White/Medium Grey/Fresh Mint - Size 7.5"
[2026-06-08 15:22:28] Extracting field 'price' from chunk for https://www.nike.com/t/air-max-95-big-bubble-womens-shoes-C8qkmu3G/HJ5996-005
[2026-06-08 15:22:28] price -> '190'
[2026-06-08 15:22:28] Extracting field 'image' from chunk for https://www.nike.com/t/air-max-95-big-bubble-womens-shoes-C8qkmu3G/HJ5996-005
[2026-06-08 15:22:28] image -> 'https://static.nike.com/a/images/t_default/u_9ddf04c7-2a9a-4d76-add1-d15af8f0263d,c_scale,fl_relative,w_1.0,h_1.0,fl_layer_apply/f0f8773a-3a3d-46cf-9d02-c1b2a7b78dc0/W+NIKE+AIR+MAX+95+BIG+BUBBLE.png'
[2026-06-08 15:22:28] Extracting field 'description' from chunk for https://www.nike.com/t/air-max-95-big-bubble-womens-shoes-C8qkmu3G/HJ5996-005
[2026-06-08 15:22:28] description -> 'The Air Max 95 originally takes inspiration from the human anatomy, leading to its distinctive wavy design. This version pairs mixed materials and visible Max Air cushioning for a layered look with unbelievable comfort.'
[2026-06-08 15:22:28] Extracting field 'name' from chunk for https://www.nike.com/t/air-max-95-big-bubble-womens-shoes-C8qkmu3G/HJ5996-005
[2026-06-08 15:22:28] name -> "Nike Air Max 95 Big Bubble Women's Shoes - Black/White/Medium Grey/Fresh Mint - Size 8"
[2026-06-08 15:22:28] Extracting field 'price' from chunk for https://www.nike.com/t/air-max-95-big-bubble-womens-shoes-C8qkmu3G/HJ5996-005
[2026-06-08 15:22:28] price -> '190'
[2026-06-08 15:22:28] Extracting field 'image' from chunk for https://www.nike.com/t/air-max-95-big-bubble-womens-shoes-C8qkmu3G/HJ5996-005
[2026-06-08 15:22:28] image -> 'https://static.nike.com/a/images/t_default/u_9ddf04c7-2a9a-4d76-add1-d15af8f0263d,c_scale,fl_relative,w_1.0,h_1.0,fl_layer_apply/f0f8773a-3a3d-46cf-9d02-c1b2a7b78dc0/W+NIKE+AIR+MAX+95+BIG+BUBBLE.png'
[2026-06-08 15:22:28] Extracting field 'description' from chunk for https://www.nike.com/t/air-max-95-big-bubble-womens-shoes-C8qkmu3G/HJ5996-005
[2026-06-08 15:22:28] description -> 'The Air Max 95 originally takes inspiration from the human anatomy, leading to its distinctive wavy design. This version pairs mixed materials and visible Max Air cushioning for a layered look with unbelievable comfort.'
[2026-06-08 15:22:28] Extracting field 'name' from chunk for https://www.nike.com/t/air-max-95-big-bubble-womens-shoes-C8qkmu3G/HJ5996-005
[2026-06-08 15:22:28] name -> "Nike Air Max 95 Big Bubble Women's Shoes - Black/White/Medium Grey/Fresh Mint - Size 8.5"
[2026-06-08 15:22:28] Extracting field 'price' from chunk for https://www.nike.com/t/air-max-95-big-bubble-womens-shoes-C8qkmu3G/HJ5996-005
[2026-06-08 15:22:28] price -> '190'
[2026-06-08 15:22:28] Extracting field 'image' from chunk for https://www.nike.com/t/air-max-95-big-bubble-womens-shoes-C8qkmu3G/HJ5996-005
[2026-06-08 15:22:28] image -> 'https://static.nike.com/a/images/t_default/u_9ddf04c7-2a9a-4d76-add1-d15af8f0263d,c_scale,fl_relative,w_1.0,h_1.0,fl_layer_apply/f0f8773a-3a3d-46cf-9d02-c1b2a7b78dc0/W+NIKE+AIR+MAX+95+BIG+BUBBLE.png'
[2026-06-08 15:22:28] Extracting field 'description' from chunk for https://www.nike.com/t/air-max-95-big-bubble-womens-shoes-C8qkmu3G/HJ5996-005
[2026-06-08 15:22:28] description -> 'The Air Max 95 originally takes inspiration from the human anatomy, leading to its distinctive wavy design. This version pairs mixed materials and visible Max Air cushioning for a layered look with unbelievable comfort.'
[2026-06-08 15:22:28] Extracting field 'name' from chunk for https://www.nike.com/t/air-max-95-big-bubble-womens-shoes-C8qkmu3G/HJ5996-005
[2026-06-08 15:22:28] name -> "Nike Air Max 95 Big Bubble Women's Shoes - Black/White/Medium Grey/Fresh Mint - Size 9"
[2026-06-08 15:22:28] Extracting field 'price' from chunk for https://www.nike.com/t/air-max-95-big-bubble-womens-shoes-C8qkmu3G/HJ5996-005
[2026-06-08 15:22:28] price -> '190'
[2026-06-08 15:22:28] Extracting field 'image' from chunk for https://www.nike.com/t/air-max-95-big-bubble-womens-shoes-C8qkmu3G/HJ5996-005
[2026-06-08 15:22:28] image -> 'https://static.nike.com/a/images/t_default/u_9ddf04c7-2a9a-4d76-add1-d15af8f0263d,c_scale,fl_relative,w_1.0,h_1.0,fl_layer_apply/f0f8773a-3a3d-46cf-9d02-c1b2a7b78dc0/W+NIKE+AIR+MAX+95+BIG+BUBBLE.png'
[2026-06-08 15:22:28] Extracting field 'description' from chunk for https://www.nike.com/t/air-max-95-big-bubble-womens-shoes-C8qkmu3G/HJ5996-005
[2026-06-08 15:22:28] description -> 'The Air Max 95 originally takes inspiration from the human anatomy, leading to its distinctive wavy design. This version pairs mixed materials and visible Max Air cushioning for a layered look with unbelievable comfort.'
[2026-06-08 15:22:28] Extracting field 'name' from chunk for https://www.nike.com/t/air-max-95-big-bubble-womens-shoes-C8qkmu3G/HJ5996-005
[2026-06-08 15:22:28] name -> "Nike Air Max 95 Big Bubble Women's Shoes - Black/White/Medium Grey/Fresh Mint - Size 9.5"
[2026-06-08 15:22:28] Extracting field 'price' from chunk for https://www.nike.com/t/air-max-95-big-bubble-womens-shoes-C8qkmu3G/HJ5996-005
[2026-06-08 15:22:28] price -> '190'
[2026-06-08 15:22:28] Extracting field 'image' from chunk for https://www.nike.com/t/air-max-95-big-bubble-womens-shoes-C8qkmu3G/HJ5996-005
[2026-06-08 15:22:28] image -> 'https://static.nike.com/a/images/t_default/u_9ddf04c7-2a9a-4d76-add1-d15af8f0263d,c_scale,fl_relative,w_1.0,h_1.0,fl_layer_apply/f0f8773a-3a3d-46cf-9d02-c1b2a7b78dc0/W+NIKE+AIR+MAX+95+BIG+BUBBLE.png'
[2026-06-08 15:22:28] Extracting field 'description' from chunk for https://www.nike.com/t/air-max-95-big-bubble-womens-shoes-C8qkmu3G/HJ5996-005
[2026-06-08 15:22:28] description -> 'The Air Max 95 originally takes inspiration from the human anatomy, leading to its distinctive wavy design. This version pairs mixed materials and visible Max Air cushioning for a layered look with unbelievable comfort.'
[2026-06-08 15:22:28] Extracting field 'name' from chunk for https://www.nike.com/t/air-max-95-big-bubble-womens-shoes-C8qkmu3G/HJ5996-005
[2026-06-08 15:22:28] name -> "Nike Air Max 95 Big Bubble Women's Shoes - Black/White/Medium Grey/Fresh Mint - Size 10"
[2026-06-08 15:22:28] Extracting field 'price' from chunk for https://www.nike.com/t/air-max-95-big-bubble-womens-shoes-C8qkmu3G/HJ5996-005
[2026-06-08 15:22:28] price -> '190'
[2026-06-08 15:22:28] Extracting field 'image' from chunk for https://www.nike.com/t/air-max-95-big-bubble-womens-shoes-C8qkmu3G/HJ5996-005
[2026-06-08 15:22:28] image -> 'https://static.nike.com/a/images/t_default/u_9ddf04c7-2a9a-4d76-add1-d15af8f0263d,c_scale,fl_relative,w_1.0,h_1.0,fl_layer_apply/f0f8773a-3a3d-46cf-9d02-c1b2a7b78dc0/W+NIKE+AIR+MAX+95+BIG+BUBBLE.png'
[2026-06-08 15:22:28] Extracting field 'description' from chunk for https://www.nike.com/t/air-max-95-big-bubble-womens-shoes-C8qkmu3G/HJ5996-005
[2026-06-08 15:22:28] description -> 'The Air Max 95 originally takes inspiration from the human anatomy, leading to its distinctive wavy design. This version pairs mixed materials and visible Max Air cushioning for a layered look with unbelievable comfort.'
[2026-06-08 15:22:28] Extracting field 'name' from chunk for https://www.nike.com/t/air-max-95-big-bubble-womens-shoes-C8qkmu3G/HJ5996-005
[2026-06-08 15:22:28] name -> "Nike Air Max 95 Big Bubble Women's Shoes - Black/White/Medium Grey/Fresh Mint - Size 10.5"
[2026-06-08 15:22:28] Extracting field 'price' from chunk for https://www.nike.com/t/air-max-95-big-bubble-womens-shoes-C8qkmu3G/HJ5996-005
[2026-06-08 15:22:28] price -> '190'
[2026-06-08 15:22:28] Extracting field 'image' from chunk for https://www.nike.com/t/air-max-95-big-bubble-womens-shoes-C8qkmu3G/HJ5996-005
[2026-06-08 15:22:28] image -> 'https://static.nike.com/a/images/t_default/u_9ddf04c7-2a9a-4d76-add1-d15af8f0263d,c_scale,fl_relative,w_1.0,h_1.0,fl_layer_apply/f0f8773a-3a3d-46cf-9d02-c1b2a7b78dc0/W+NIKE+AIR+MAX+95+BIG+BUBBLE.png'
[2026-06-08 15:22:28] Extracting field 'description' from chunk for https://www.nike.com/t/air-max-95-big-bubble-womens-shoes-C8qkmu3G/HJ5996-005
[2026-06-08 15:22:28] description -> 'The Air Max 95 originally takes inspiration from the human anatomy, leading to its distinctive wavy design. This version pairs mixed materials and visible Max Air cushioning for a layered look with unbelievable comfort.'
[2026-06-08 15:22:28] Extracting field 'name' from chunk for https://www.nike.com/t/air-max-95-big-bubble-womens-shoes-C8qkmu3G/HJ5996-005
[2026-06-08 15:22:28] name -> "Nike Air Max 95 Big Bubble Women's Shoes - Black/White/Medium Grey/Fresh Mint - Size 11"
[2026-06-08 15:22:28] Extracting field 'price' from chunk for https://www.nike.com/t/air-max-95-big-bubble-womens-shoes-C8qkmu3G/HJ5996-005
[2026-06-08 15:22:28] price -> '190'
[2026-06-08 15:22:28] Extracting field 'image' from chunk for https://www.nike.com/t/air-max-95-big-bubble-womens-shoes-C8qkmu3G/HJ5996-005
[2026-06-08 15:22:28] image -> 'https://static.nike.com/a/images/t_default/u_9ddf04c7-2a9a-4d76-add1-d15af8f0263d,c_scale,fl_relative,w_1.0,h_1.0,fl_layer_apply/f0f8773a-3a3d-46cf-9d02-c1b2a7b78dc0/W+NIKE+AIR+MAX+95+BIG+BUBBLE.png'
[2026-06-08 15:22:28] Extracting field 'description' from chunk for https://www.nike.com/t/air-max-95-big-bubble-womens-shoes-C8qkmu3G/HJ5996-005
[2026-06-08 15:22:28] description -> 'The Air Max 95 originally takes inspiration from the human anatomy, leading to its distinctive wavy design. This version pairs mixed materials and visible Max Air cushioning for a layered look with unbelievable comfort.'
[2026-06-08 15:22:28] Extracting field 'name' from chunk for https://www.nike.com/t/air-max-95-big-bubble-womens-shoes-C8qkmu3G/HJ5996-005
[2026-06-08 15:22:28] name -> "Nike Air Max 95 Big Bubble Women's Shoes - Black/White/Medium Grey/Fresh Mint - Size 11.5"
[2026-06-08 15:22:28] Extracting field 'price' from chunk for https://www.nike.com/t/air-max-95-big-bubble-womens-shoes-C8qkmu3G/HJ5996-005
[2026-06-08 15:22:28] price -> '190'
[2026-06-08 15:22:28] Extracting field 'image' from chunk for https://www.nike.com/t/air-max-95-big-bubble-womens-shoes-C8qkmu3G/HJ5996-005
[2026-06-08 15:22:28] image -> 'https://static.nike.com/a/images/t_default/u_9ddf04c7-2a9a-4d76-add1-d15af8f0263d,c_scale,fl_relative,w_1.0,h_1.0,fl_layer_apply/f0f8773a-3a3d-46cf-9d02-c1b2a7b78dc0/W+NIKE+AIR+MAX+95+BIG+BUBBLE.png'
[2026-06-08 15:22:28] Extracting field 'description' from chunk for https://www.nike.com/t/air-max-95-big-bubble-womens-shoes-C8qkmu3G/HJ5996-005
[2026-06-08 15:22:28] description -> 'The Air Max 95 originally takes inspiration from the human anatomy, leading to its distinctive wavy design. This version pairs mixed materials and visible Max Air cushioning for a layered look with unbelievable comfort.'
[2026-06-08 15:22:28] Extracting field 'name' from chunk for https://www.nike.com/t/air-max-95-big-bubble-womens-shoes-C8qkmu3G/HJ5996-005
[2026-06-08 15:22:28] name -> "Nike Air Max 95 Big Bubble Women's Shoes - Black/White/Medium Grey/Fresh Mint - Size 12"
[2026-06-08 15:22:28] Extracting field 'price' from chunk for https://www.nike.com/t/air-max-95-big-bubble-womens-shoes-C8qkmu3G/HJ5996-005
[2026-06-08 15:22:28] price -> '190'
[2026-06-08 15:22:28] Extracting field 'image' from chunk for https://www.nike.com/t/air-max-95-big-bubble-womens-shoes-C8qkmu3G/HJ5996-005
[2026-06-08 15:22:28] image -> 'https://static.nike.com/a/images/t_default/u_9ddf04c7-2a9a-4d76-add1-d15af8f0263d,c_scale,fl_relative,w_1.0,h_1.0,fl_layer_apply/f0f8773a-3a3d-46cf-9d02-c1b2a7b78dc0/W+NIKE+AIR+MAX+95+BIG+BUBBLE.png'
[2026-06-08 15:22:28] Extracting field 'description' from chunk for https://www.nike.com/t/air-max-95-big-bubble-womens-shoes-C8qkmu3G/HJ5996-005
[2026-06-08 15:22:28] description -> 'The Air Max 95 originally takes inspiration from the human anatomy, leading to its distinctive wavy design. This version pairs mixed materials and visible Max Air cushioning for a layered look with unbelievable comfort.'
[2026-06-08 15:22:28] Extracting field 'name' from chunk for https://www.nike.com/t/air-max-95-big-bubble-womens-shoes-C8qkmu3G/HJ5996-005
[2026-06-08 15:22:28] name -> "Nike Air Max 95 Big Bubble Women's Shoes - Black/White/Medium Grey/Fresh Mint - Size 12.5"
[2026-06-08 15:22:28] Extracting field 'price' from chunk for https://www.nike.com/t/air-max-95-big-bubble-womens-shoes-C8qkmu3G/HJ5996-005
[2026-06-08 15:22:28] price -> '190'
[2026-06-08 15:22:28] Extracting field 'image' from chunk for https://www.nike.com/t/air-max-95-big-bubble-womens-shoes-C8qkmu3G/HJ5996-005
[2026-06-08 15:22:28] image -> 'https://static.nike.com/a/images/t_default/u_9ddf04c7-2a9a-4d76-add1-d15af8f0263d,c_scale,fl_relative,w_1.0,h_1.0,fl_layer_apply/f0f8773a-3a3d-46cf-9d02-c1b2a7b78dc0/W+NIKE+AIR+MAX+95+BIG+BUBBLE.png'
[2026-06-08 15:22:28] Extracting field 'description' from chunk for https://www.nike.com/t/air-max-95-big-bubble-womens-shoes-C8qkmu3G/HJ5996-005
[2026-06-08 15:22:28] description -> 'The Air Max 95 originally takes inspiration from the human anatomy, leading to its distinctive wavy design. This version pairs mixed materials and visible Max Air cushioning for a layered look with unbelievable comfort.'
[2026-06-08 15:22:28] Extracting field 'name' from chunk for https://www.nike.com/t/air-max-95-big-bubble-womens-shoes-C8qkmu3G/HJ5996-005
[2026-06-08 15:22:28] name -> "Nike Air Max 95 Big Bubble Women's Shoes - Black/White/Medium Grey/Fresh Mint - Size 13"
[2026-06-08 15:22:28] Extracting field 'price' from chunk for https://www.nike.com/t/air-max-95-big-bubble-womens-shoes-C8qkmu3G/HJ5996-005
[2026-06-08 15:22:28] price -> '190'
[2026-06-08 15:22:28] Extracting field 'image' from chunk for https://www.nike.com/t/air-max-95-big-bubble-womens-shoes-C8qkmu3G/HJ5996-005
[2026-06-08 15:22:28] image -> 'https://static.nike.com/a/images/t_default/u_9ddf04c7-2a9a-4d76-add1-d15af8f0263d,c_scale,fl_relative,w_1.0,h_1.0,fl_layer_apply/f0f8773a-3a3d-46cf-9d02-c1b2a7b78dc0/W+NIKE+AIR+MAX+95+BIG+BUBBLE.png'
[2026-06-08 15:22:28] Extracting field 'description' from chunk for https://www.nike.com/t/air-max-95-big-bubble-womens-shoes-C8qkmu3G/HJ5996-005
[2026-06-08 15:22:28] description -> 'The Air Max 95 originally takes inspiration from the human anatomy, leading to its distinctive wavy design. This version pairs mixed materials and visible Max Air cushioning for a layered look with unbelievable comfort.'
[2026-06-08 15:22:28] Extracting field 'name' from chunk for https://www.nike.com/t/air-max-95-big-bubble-womens-shoes-C8qkmu3G/HJ5996-005
[2026-06-08 15:22:28] name -> "Nike Air Max 95 Big Bubble Women's Shoes - Black/White/Medium Grey/Fresh Mint - Size 13.5"
[2026-06-08 15:22:28] Extracting field 'price' from chunk for https://www.nike.com/t/air-max-95-big-bubble-womens-shoes-C8qkmu3G/HJ5996-005
[2026-06-08 15:22:28] price -> '190'
[2026-06-08 15:22:28] Extracting field 'image' from chunk for https://www.nike.com/t/air-max-95-big-bubble-womens-shoes-C8qkmu3G/HJ5996-005
[2026-06-08 15:22:28] image -> 'https://static.nike.com/a/images/t_default/u_9ddf04c7-2a9a-4d76-add1-d15af8f0263d,c_scale,fl_relative,w_1.0,h_1.0,fl_layer_apply/f0f8773a-3a3d-46cf-9d02-c1b2a7b78dc0/W+NIKE+AIR+MAX+95+BIG+BUBBLE.png'
[2026-06-08 15:22:28] Extracting field 'description' from chunk for https://www.nike.com/t/air-max-95-big-bubble-womens-shoes-C8qkmu3G/HJ5996-005
[2026-06-08 15:22:28] description -> 'The Air Max 95 originally takes inspiration from the human anatomy, leading to its distinctive wavy design. This version pairs mixed materials and visible Max Air cushioning for a layered look with unbelievable comfort.'
[2026-06-08 15:22:28] Extracting field 'name' from chunk for https://www.nike.com/t/air-max-95-big-bubble-womens-shoes-C8qkmu3G/HJ5996-005
[2026-06-08 15:22:28] name -> "Nike Air Max 95 Big Bubble Women's Shoes - Black/White/Medium Grey/Fresh Mint - Size 14"
[2026-06-08 15:22:28] Extracting field 'price' from chunk for https://www.nike.com/t/air-max-95-big-bubble-womens-shoes-C8qkmu3G/HJ5996-005
[2026-06-08 15:22:28] price -> '190'
[2026-06-08 15:22:28] Extracting field 'image' from chunk for https://www.nike.com/t/air-max-95-big-bubble-womens-shoes-C8qkmu3G/HJ5996-005
[2026-06-08 15:22:28] image -> 'https://static.nike.com/a/images/t_default/u_9ddf04c7-2a9a-4d76-add1-d15af8f0263d,c_scale,fl_relative,w_1.0,h_1.0,fl_layer_apply/f0f8773a-3a3d-46cf-9d02-c1b2a7b78dc0/W+NIKE+AIR+MAX+95+BIG+BUBBLE.png'
[2026-06-08 15:22:28] Extracting field 'description' from chunk for https://www.nike.com/t/air-max-95-big-bubble-womens-shoes-C8qkmu3G/HJ5996-005
[2026-06-08 15:22:28] description -> 'The Air Max 95 originally takes inspiration from the human anatomy, leading to its distinctive wavy design. This version pairs mixed materials and visible Max Air cushioning for a layered look with unbelievable comfort.'
[2026-06-08 15:22:28] Extracting field 'name' from chunk for https://www.nike.com/t/air-max-95-big-bubble-womens-shoes-C8qkmu3G/HJ5996-005
[2026-06-08 15:22:28] name -> "Nike Air Max 95 Big Bubble Women's Shoes - Black/White/Medium Grey/Fresh Mint - Size 14.5"
[2026-06-08 15:22:28] Extracting field 'price' from chunk for https://www.nike.com/t/air-max-95-big-bubble-womens-shoes-C8qkmu3G/HJ5996-005
[2026-06-08 15:22:28] price -> '190'
[2026-06-08 15:22:28] Extracting field 'image' from chunk for https://www.nike.com/t/air-max-95-big-bubble-womens-shoes-C8qkmu3G/HJ5996-005
[2026-06-08 15:22:28] image -> 'https://static.nike.com/a/images/t_default/u_9ddf04c7-2a9a-4d76-add1-d15af8f0263d,c_scale,fl_relative,w_1.0,h_1.0,fl_layer_apply/f0f8773a-3a3d-46cf-9d02-c1b2a7b78dc0/W+NIKE+AIR+MAX+95+BIG+BUBBLE.png'
[2026-06-08 15:22:28] Extracting field 'description' from chunk for https://www.nike.com/t/air-max-95-big-bubble-womens-shoes-C8qkmu3G/HJ5996-005
[2026-06-08 15:22:28] description -> 'The Air Max 95 originally takes inspiration from the human anatomy, leading to its distinctive wavy design. This version pairs mixed materials and visible Max Air cushioning for a layered look with unbelievable comfort.'
[2026-06-08 15:22:28] Extracting field 'name' from chunk for https://www.nike.com/t/air-max-95-big-bubble-womens-shoes-C8qkmu3G/HJ5996-005
[2026-06-08 15:22:28] name -> "Nike Air Max 95 Big Bubble Women's Shoes - Black/White/Medium Grey/Fresh Mint - Size 15.5"
[2026-06-08 15:22:28] Extracting field 'price' from chunk for https://www.nike.com/t/air-max-95-big-bubble-womens-shoes-C8qkmu3G/HJ5996-005
[2026-06-08 15:22:28] price -> '190'
[2026-06-08 15:22:28] Extracting field 'image' from chunk for https://www.nike.com/t/air-max-95-big-bubble-womens-shoes-C8qkmu3G/HJ5996-005
[2026-06-08 15:22:28] image -> 'https://static.nike.com/a/images/t_default/u_9ddf04c7-2a9a-4d76-add1-d15af8f0263d,c_scale,fl_relative,w_1.0,h_1.0,fl_layer_apply/f0f8773a-3a3d-46cf-9d02-c1b2a7b78dc0/W+NIKE+AIR+MAX+95+BIG+BUBBLE.png'
[2026-06-08 15:22:28] Extracting field 'description' from chunk for https://www.nike.com/t/air-max-95-big-bubble-womens-shoes-C8qkmu3G/HJ5996-005
[2026-06-08 15:22:28] description -> 'The Air Max 95 originally takes inspiration from the human anatomy, leading to its distinctive wavy design. This version pairs mixed materials and visible Max Air cushioning for a layered look with unbelievable comfort.'
[2026-06-08 15:22:28] Extracting field 'name' from chunk for https://www.nike.com/t/air-max-95-big-bubble-womens-shoes-C8qkmu3G/HJ5996-005
[2026-06-08 15:22:28] name -> "Nike Air Max 95 Big Bubble Women's Shoes - Black/White/Medium Grey/Fresh Mint - Size 16.5"
[2026-06-08 15:22:28] Extracting field 'price' from chunk for https://www.nike.com/t/air-max-95-big-bubble-womens-shoes-C8qkmu3G/HJ5996-005
[2026-06-08 15:22:28] price -> '190'
[2026-06-08 15:22:28] Extracting field 'image' from chunk for https://www.nike.com/t/air-max-95-big-bubble-womens-shoes-C8qkmu3G/HJ5996-005
[2026-06-08 15:22:28] image -> 'https://static.nike.com/a/images/t_default/u_9ddf04c7-2a9a-4d76-add1-d15af8f0263d,c_scale,fl_relative,w_1.0,h_1.0,fl_layer_apply/f0f8773a-3a3d-46cf-9d02-c1b2a7b78dc0/W+NIKE+AIR+MAX+95+BIG+BUBBLE.png'
[2026-06-08 15:22:28] Extracting field 'description' from chunk for https://www.nike.com/t/air-max-95-big-bubble-womens-shoes-C8qkmu3G/HJ5996-005
[2026-06-08 15:22:28] description -> 'The Air Max 95 originally takes inspiration from the human anatomy, leading to its distinctive wavy design. This version pairs mixed materials and visible Max Air cushioning for a layered look with unbelievable comfort.'
[2026-06-08 15:22:28] Extracting field 'name' from chunk for https://www.nike.com/t/air-max-95-big-bubble-womens-shoes-C8qkmu3G/HJ5996-005
[2026-06-08 15:22:28] name -> ''
[2026-06-08 15:22:28] Extracting field 'price' from chunk for https://www.nike.com/t/air-max-95-big-bubble-womens-shoes-C8qkmu3G/HJ5996-005
[2026-06-08 15:22:28] price -> ''
[2026-06-08 15:22:28] Extracting field 'image' from chunk for https://www.nike.com/t/air-max-95-big-bubble-womens-shoes-C8qkmu3G/HJ5996-005
[2026-06-08 15:22:28] image -> 'image 1 of 9 star, score, rank, review Highly Rated chevron left, back, previous, return chevron right, next, forward, proceed'
[2026-06-08 15:22:28] Extracting field 'description' from chunk for https://www.nike.com/t/air-max-95-big-bubble-womens-shoes-C8qkmu3G/HJ5996-005
[2026-06-08 15:22:28] description -> ''
[2026-06-08 15:22:28] Extracting field 'name' from chunk for https://www.nike.com/t/air-max-95-big-bubble-womens-shoes-C8qkmu3G/HJ5996-005
[2026-06-08 15:22:28] name -> "Nike Air Max 95 Big Bubble Women's Shoes"
[2026-06-08 15:22:28] Extracting field 'price' from chunk for https://www.nike.com/t/air-max-95-big-bubble-womens-shoes-C8qkmu3G/HJ5996-005
[2026-06-08 15:22:28] price -> ''
[2026-06-08 15:22:28] Extracting field 'image' from chunk for https://www.nike.com/t/air-max-95-big-bubble-womens-shoes-C8qkmu3G/HJ5996-005
[2026-06-08 15:22:28] image -> ''
[2026-06-08 15:22:28] Extracting field 'description' from chunk for https://www.nike.com/t/air-max-95-big-bubble-womens-shoes-C8qkmu3G/HJ5996-005
[2026-06-08 15:22:28] description -> ''
[2026-06-08 15:22:28] Found 4 missing required fields in https://www.nike.com/t/air-max-95-big-bubble-womens-shoes-C8qkmu3G/HJ5996-005
[2026-06-08 15:22:31] Extracted 19 chunks from https://www.nike.com/t/air-force-1-07-premium-mens-shoes-XVPIszaq/IQ3408-286 for record extraction
[2026-06-08 15:22:31] Extracting field 'name' from chunk for https://www.nike.com/t/air-force-1-07-premium-mens-shoes-XVPIszaq/IQ3408-286
[2026-06-08 15:22:31] name -> "Nike Air Force 1 '07 Premium Men's Shoes - Linen/Moon Particle/Mink Brown/Burgundy Crush - Size 3.5"
[2026-06-08 15:22:31] Extracting field 'price' from chunk for https://www.nike.com/t/air-force-1-07-premium-mens-shoes-XVPIszaq/IQ3408-286
[2026-06-08 15:22:31] price -> '94.97'
[2026-06-08 15:22:31] Extracting field 'image' from chunk for https://www.nike.com/t/air-force-1-07-premium-mens-shoes-XVPIszaq/IQ3408-286
[2026-06-08 15:22:31] image -> 'https://static.nike.com/a/images/t_default/u_9ddf04c7-2a9a-4d76-add1-d15af8f0263d,c_scale,fl_relative,w_1.0,h_1.0,fl_layer_apply/cd6eed18-3c46-4817-a98d-5b9b22b07df2/AIR+FORCE+1+%2707+PRM.png'
[2026-06-08 15:22:31] Extracting field 'description' from chunk for https://www.nike.com/t/air-force-1-07-premium-mens-shoes-XVPIszaq/IQ3408-286
[2026-06-08 15:22:31] description -> 'Comfortable, durable and timeless—it’s number one for a reason. The Air Force 1 pairs its classic silhouette with textile and leather for a crisp, clean look.'
[2026-06-08 15:22:31] Extracting field 'name' from chunk for https://www.nike.com/t/air-force-1-07-premium-mens-shoes-XVPIszaq/IQ3408-286
[2026-06-08 15:22:31] name -> "Nike Air Force 1 '07 Premium Men's Shoes - Linen/Moon Particle/Mink Brown/Burgundy Crush - Size 4"
[2026-06-08 15:22:31] Extracting field 'price' from chunk for https://www.nike.com/t/air-force-1-07-premium-mens-shoes-XVPIszaq/IQ3408-286
[2026-06-08 15:22:31] price -> '94.97'
[2026-06-08 15:22:31] Extracting field 'image' from chunk for https://www.nike.com/t/air-force-1-07-premium-mens-shoes-XVPIszaq/IQ3408-286
[2026-06-08 15:22:31] image -> 'https://static.nike.com/a/images/t_default/u_9ddf04c7-2a9a-4d76-add1-d15af8f0263d,c_scale,fl_relative,w_1.0,h_1.0,fl_layer_apply/cd6eed18-3c46-4817-a98d-5b9b22b07df2/AIR+FORCE+1+%2707+PRM.png'
[2026-06-08 15:22:31] Extracting field 'description' from chunk for https://www.nike.com/t/air-force-1-07-premium-mens-shoes-XVPIszaq/IQ3408-286
[2026-06-08 15:22:31] description -> 'Comfortable, durable and timeless—it’s number one for a reason. The Air Force 1 pairs its classic silhouette with textile and leather for a crisp, clean look.'
[2026-06-08 15:22:31] Extracting field 'name' from chunk for https://www.nike.com/t/air-force-1-07-premium-mens-shoes-XVPIszaq/IQ3408-286
[2026-06-08 15:22:31] name -> "Nike Air Force 1 '07 Premium Men's Shoes - Linen/Moon Particle/Mink Brown/Burgundy Crush - Size 4.5"
[2026-06-08 15:22:31] Extracting field 'price' from chunk for https://www.nike.com/t/air-force-1-07-premium-mens-shoes-XVPIszaq/IQ3408-286
[2026-06-08 15:22:31] price -> '94.97'
[2026-06-08 15:22:31] Extracting field 'image' from chunk for https://www.nike.com/t/air-force-1-07-premium-mens-shoes-XVPIszaq/IQ3408-286
[2026-06-08 15:22:31] image -> 'https://static.nike.com/a/images/t_default/u_9ddf04c7-2a9a-4d76-add1-d15af8f0263d,c_scale,fl_relative,w_1.0,h_1.0,fl_layer_apply/cd6eed18-3c46-4817-a98d-5b9b22b07df2/AIR+FORCE+1+%2707+PRM.png'
[2026-06-08 15:22:31] Extracting field 'description' from chunk for https://www.nike.com/t/air-force-1-07-premium-mens-shoes-XVPIszaq/IQ3408-286
[2026-06-08 15:22:31] description -> 'Comfortable, durable and timeless—it’s number one for a reason. The Air Force 1 pairs its classic silhouette with textile and leather for a crisp, clean look.'
[2026-06-08 15:22:31] Extracting field 'name' from chunk for https://www.nike.com/t/air-force-1-07-premium-mens-shoes-XVPIszaq/IQ3408-286
[2026-06-08 15:22:31] name -> "Nike Air Force 1 '07 Premium Men's Shoes - Linen/Moon Particle/Mink Brown/Burgundy Crush - Size 5"
[2026-06-08 15:22:31] Extracting field 'price' from chunk for https://www.nike.com/t/air-force-1-07-premium-mens-shoes-XVPIszaq/IQ3408-286
[2026-06-08 15:22:31] price -> '94.97'
[2026-06-08 15:22:31] Extracting field 'image' from chunk for https://www.nike.com/t/air-force-1-07-premium-mens-shoes-XVPIszaq/IQ3408-286
[2026-06-08 15:22:31] image -> 'https://static.nike.com/a/images/t_default/u_9ddf04c7-2a9a-4d76-add1-d15af8f0263d,c_scale,fl_relative,w_1.0,h_1.0,fl_layer_apply/cd6eed18-3c46-4817-a98d-5b9b22b07df2/AIR+FORCE+1+%2707+PRM.png'
[2026-06-08 15:22:31] Extracting field 'description' from chunk for https://www.nike.com/t/air-force-1-07-premium-mens-shoes-XVPIszaq/IQ3408-286
[2026-06-08 15:22:31] description -> 'Comfortable, durable and timeless—it’s number one for a reason. The Air Force 1 pairs its classic silhouette with textile and leather for a crisp, clean look.'
[2026-06-08 15:22:31] Extracting field 'name' from chunk for https://www.nike.com/t/air-force-1-07-premium-mens-shoes-XVPIszaq/IQ3408-286
[2026-06-08 15:22:31] name -> "Nike Air Force 1 '07 Premium Men's Shoes - Linen/Moon Particle/Mink Brown/Burgundy Crush - Size 6"
[2026-06-08 15:22:31] Extracting field 'price' from chunk for https://www.nike.com/t/air-force-1-07-premium-mens-shoes-XVPIszaq/IQ3408-286
[2026-06-08 15:22:31] price -> '94.97'
[2026-06-08 15:22:31] Extracting field 'image' from chunk for https://www.nike.com/t/air-force-1-07-premium-mens-shoes-XVPIszaq/IQ3408-286
[2026-06-08 15:22:31] image -> 'https://static.nike.com/a/images/t_default/u_9ddf04c7-2a9a-4d76-add1-d15af8f0263d,c_scale,fl_relative,w_1.0,h_1.0,fl_layer_apply/cd6eed18-3c46-4817-a98d-5b9b22b07df2/AIR+FORCE+1+%2707+PRM.png'
[2026-06-08 15:22:31] Extracting field 'description' from chunk for https://www.nike.com/t/air-force-1-07-premium-mens-shoes-XVPIszaq/IQ3408-286
[2026-06-08 15:22:31] description -> 'Comfortable, durable and timeless—it’s number one for a reason. The Air Force 1 pairs its classic silhouette with textile and leather for a crisp, clean look.'
[2026-06-08 15:22:31] Extracting field 'name' from chunk for https://www.nike.com/t/air-force-1-07-premium-mens-shoes-XVPIszaq/IQ3408-286
[2026-06-08 15:22:31] name -> "Nike Air Force 1 '07 Premium Men's Shoes - Linen/Moon Particle/Mink Brown/Burgundy Crush - Size 6.5"
[2026-06-08 15:22:31] Extracting field 'price' from chunk for https://www.nike.com/t/air-force-1-07-premium-mens-shoes-XVPIszaq/IQ3408-286
[2026-06-08 15:22:31] price -> '94.97'
[2026-06-08 15:22:31] Extracting field 'image' from chunk for https://www.nike.com/t/air-force-1-07-premium-mens-shoes-XVPIszaq/IQ3408-286
[2026-06-08 15:22:31] image -> 'https://static.nike.com/a/images/t_default/u_9ddf04c7-2a9a-4d76-add1-d15af8f0263d,c_scale,fl_relative,w_1.0,h_1.0,fl_layer_apply/cd6eed18-3c46-4817-a98d-5b9b22b07df2/AIR+FORCE+1+%2707+PRM.png'
[2026-06-08 15:22:31] Extracting field 'description' from chunk for https://www.nike.com/t/air-force-1-07-premium-mens-shoes-XVPIszaq/IQ3408-286
[2026-06-08 15:22:31] description -> 'Comfortable, durable and timeless—it’s number one for a reason. The Air Force 1 pairs its classic silhouette with textile and leather for a crisp, clean look.'
[2026-06-08 15:22:31] Extracting field 'name' from chunk for https://www.nike.com/t/air-force-1-07-premium-mens-shoes-XVPIszaq/IQ3408-286
[2026-06-08 15:22:31] name -> "Nike Air Force 1 '07 Premium Men's Shoes - Linen/Moon Particle/Mink Brown/Burgundy Crush - Size 7"
[2026-06-08 15:22:31] Extracting field 'price' from chunk for https://www.nike.com/t/air-force-1-07-premium-mens-shoes-XVPIszaq/IQ3408-286
[2026-06-08 15:22:31] price -> '94.97'
[2026-06-08 15:22:31] Extracting field 'image' from chunk for https://www.nike.com/t/air-force-1-07-premium-mens-shoes-XVPIszaq/IQ3408-286
[2026-06-08 15:22:31] image -> 'https://static.nike.com/a/images/t_default/u_9ddf04c7-2a9a-4d76-add1-d15af8f0263d,c_scale,fl_relative,w_1.0,h_1.0,fl_layer_apply/cd6eed18-3c46-4817-a98d-5b9b22b07df2/AIR+FORCE+1+%2707+PRM.png'
[2026-06-08 15:22:31] Extracting field 'description' from chunk for https://www.nike.com/t/air-force-1-07-premium-mens-shoes-XVPIszaq/IQ3408-286
[2026-06-08 15:22:31] description -> 'Comfortable, durable and timeless—it’s number one for a reason. The Air Force 1 pairs its classic silhouette with textile and leather for a crisp, clean look.'
[2026-06-08 15:22:31] Extracting field 'name' from chunk for https://www.nike.com/t/air-force-1-07-premium-mens-shoes-XVPIszaq/IQ3408-286
[2026-06-08 15:22:31] name -> "Nike Air Force 1 '07 Premium Men's Shoes - Linen/Moon Particle/Mink Brown/Burgundy Crush - Size 7.5"
[2026-06-08 15:22:31] Extracting field 'price' from chunk for https://www.nike.com/t/air-force-1-07-premium-mens-shoes-XVPIszaq/IQ3408-286
[2026-06-08 15:22:31] price -> '94.97'
[2026-06-08 15:22:31] Extracting field 'image' from chunk for https://www.nike.com/t/air-force-1-07-premium-mens-shoes-XVPIszaq/IQ3408-286
[2026-06-08 15:22:31] image -> 'https://static.nike.com/a/images/t_default/u_9ddf04c7-2a9a-4d76-add1-d15af8f0263d,c_scale,fl_relative,w_1.0,h_1.0,fl_layer_apply/cd6eed18-3c46-4817-a98d-5b9b22b07df2/AIR+FORCE+1+%2707+PRM.png'
[2026-06-08 15:22:31] Extracting field 'description' from chunk for https://www.nike.com/t/air-force-1-07-premium-mens-shoes-XVPIszaq/IQ3408-286
[2026-06-08 15:22:31] description -> 'Comfortable, durable and timeless—it’s number one for a reason. The Air Force 1 pairs its classic silhouette with textile and leather for a crisp, clean look.'
[2026-06-08 15:22:31] Extracting field 'name' from chunk for https://www.nike.com/t/air-force-1-07-premium-mens-shoes-XVPIszaq/IQ3408-286
[2026-06-08 15:22:31] name -> "Nike Air Force 1 '07 Premium Men's Shoes - Linen/Moon Particle/Mink Brown/Burgundy Crush - Size 8"
[2026-06-08 15:22:31] Extracting field 'price' from chunk for https://www.nike.com/t/air-force-1-07-premium-mens-shoes-XVPIszaq/IQ3408-286
[2026-06-08 15:22:31] price -> '94.97'
[2026-06-08 15:22:31] Extracting field 'image' from chunk for https://www.nike.com/t/air-force-1-07-premium-mens-shoes-XVPIszaq/IQ3408-286
[2026-06-08 15:22:31] image -> 'https://static.nike.com/a/images/t_default/u_9ddf04c7-2a9a-4d76-add1-d15af8f0263d,c_scale,fl_relative,w_1.0,h_1.0,fl_layer_apply/cd6eed18-3c46-4817-a98d-5b9b22b07df2/AIR+FORCE+1+%2707+PRM.png'
[2026-06-08 15:22:31] Extracting field 'description' from chunk for https://www.nike.com/t/air-force-1-07-premium-mens-shoes-XVPIszaq/IQ3408-286
[2026-06-08 15:22:31] description -> 'Comfortable, durable and timeless—it’s number one for a reason. The Air Force 1 pairs its classic silhouette with textile and leather for a crisp, clean look.'
[2026-06-08 15:22:31] Extracting field 'name' from chunk for https://www.nike.com/t/air-force-1-07-premium-mens-shoes-XVPIszaq/IQ3408-286
[2026-06-08 15:22:31] name -> "Nike Air Force 1 '07 Premium Men's Shoes - Linen/Moon Particle/Mink Brown/Burgundy Crush - Size 8.5"
[2026-06-08 15:22:31] Extracting field 'price' from chunk for https://www.nike.com/t/air-force-1-07-premium-mens-shoes-XVPIszaq/IQ3408-286
[2026-06-08 15:22:31] price -> '94.97'
[2026-06-08 15:22:31] Extracting field 'image' from chunk for https://www.nike.com/t/air-force-1-07-premium-mens-shoes-XVPIszaq/IQ3408-286
[2026-06-08 15:22:31] image -> 'https://static.nike.com/a/images/t_default/u_9ddf04c7-2a9a-4d76-add1-d15af8f0263d,c_scale,fl_relative,w_1.0,h_1.0,fl_layer_apply/cd6eed18-3c46-4817-a98d-5b9b22b07df2/AIR+FORCE+1+%2707+PRM.png'
[2026-06-08 15:22:31] Extracting field 'description' from chunk for https://www.nike.com/t/air-force-1-07-premium-mens-shoes-XVPIszaq/IQ3408-286
[2026-06-08 15:22:31] description -> 'Comfortable, durable and timeless—it’s number one for a reason. The Air Force 1 pairs its classic silhouette with textile and leather for a crisp, clean look.'
[2026-06-08 15:22:31] Extracting field 'name' from chunk for https://www.nike.com/t/air-force-1-07-premium-mens-shoes-XVPIszaq/IQ3408-286
[2026-06-08 15:22:31] name -> "Nike Air Force 1 '07 Premium Men's Shoes - Linen/Moon Particle/Mink Brown/Burgundy Crush - Size 9"
[2026-06-08 15:22:31] Extracting field 'price' from chunk for https://www.nike.com/t/air-force-1-07-premium-mens-shoes-XVPIszaq/IQ3408-286
[2026-06-08 15:22:31] price -> '94.97'
[2026-06-08 15:22:31] Extracting field 'image' from chunk for https://www.nike.com/t/air-force-1-07-premium-mens-shoes-XVPIszaq/IQ3408-286
[2026-06-08 15:22:31] image -> 'https://static.nike.com/a/images/t_default/u_9ddf04c7-2a9a-4d76-add1-d15af8f0263d,c_scale,fl_relative,w_1.0,h_1.0,fl_layer_apply/cd6eed18-3c46-4817-a98d-5b9b22b07df2/AIR+FORCE+1+%2707+PRM.png'
[2026-06-08 15:22:31] Extracting field 'description' from chunk for https://www.nike.com/t/air-force-1-07-premium-mens-shoes-XVPIszaq/IQ3408-286
[2026-06-08 15:22:31] description -> 'Comfortable, durable and timeless—it’s number one for a reason. The Air Force 1 pairs its classic silhouette with textile and leather for a crisp, clean look.'
[2026-06-08 15:22:31] Extracting field 'name' from chunk for https://www.nike.com/t/air-force-1-07-premium-mens-shoes-XVPIszaq/IQ3408-286
[2026-06-08 15:22:31] name -> "Nike Air Force 1 '07 Premium Men's Shoes - Linen/Moon Particle/Mink Brown/Burgundy Crush - Size 9.5"
[2026-06-08 15:22:31] Extracting field 'price' from chunk for https://www.nike.com/t/air-force-1-07-premium-mens-shoes-XVPIszaq/IQ3408-286
[2026-06-08 15:22:31] price -> '94.97'
[2026-06-08 15:22:31] Extracting field 'image' from chunk for https://www.nike.com/t/air-force-1-07-premium-mens-shoes-XVPIszaq/IQ3408-286
[2026-06-08 15:22:31] image -> 'https://static.nike.com/a/images/t_default/u_9ddf04c7-2a9a-4d76-add1-d15af8f0263d,c_scale,fl_relative,w_1.0,h_1.0,fl_layer_apply/cd6eed18-3c46-4817-a98d-5b9b22b07df2/AIR+FORCE+1+%2707+PRM.png'
[2026-06-08 15:22:31] Extracting field 'description' from chunk for https://www.nike.com/t/air-force-1-07-premium-mens-shoes-XVPIszaq/IQ3408-286
[2026-06-08 15:22:31] description -> 'Comfortable, durable and timeless—it’s number one for a reason. The Air Force 1 pairs its classic silhouette with textile and leather for a crisp, clean look.'
[2026-06-08 15:22:31] Extracting field 'name' from chunk for https://www.nike.com/t/air-force-1-07-premium-mens-shoes-XVPIszaq/IQ3408-286
[2026-06-08 15:22:31] name -> "Nike Air Force 1 '07 Premium Men's Shoes - Linen/Moon Particle/Mink Brown/Burgundy Crush - Size 10"
[2026-06-08 15:22:31] Extracting field 'price' from chunk for https://www.nike.com/t/air-force-1-07-premium-mens-shoes-XVPIszaq/IQ3408-286
[2026-06-08 15:22:31] price -> '94.97'
[2026-06-08 15:22:31] Extracting field 'image' from chunk for https://www.nike.com/t/air-force-1-07-premium-mens-shoes-XVPIszaq/IQ3408-286
[2026-06-08 15:22:31] image -> 'https://static.nike.com/a/images/t_default/u_9ddf04c7-2a9a-4d76-add1-d15af8f0263d,c_scale,fl_relative,w_1.0,h_1.0,fl_layer_apply/cd6eed18-3c46-4817-a98d-5b9b22b07df2/AIR+FORCE+1+%2707+PRM.png'
[2026-06-08 15:22:31] Extracting field 'description' from chunk for https://www.nike.com/t/air-force-1-07-premium-mens-shoes-XVPIszaq/IQ3408-286
[2026-06-08 15:22:31] description -> 'Comfortable, durable and timeless—it’s number one for a reason. The Air Force 1 pairs its classic silhouette with textile and leather for a crisp, clean look.'
[2026-06-08 15:22:31] Extracting field 'name' from chunk for https://www.nike.com/t/air-force-1-07-premium-mens-shoes-XVPIszaq/IQ3408-286
[2026-06-08 15:22:31] name -> "Nike Air Force 1 '07 Premium Men's Shoes - Linen/Moon Particle/Mink Brown/Burgundy Crush - Size 10.5"
[2026-06-08 15:22:31] Extracting field 'price' from chunk for https://www.nike.com/t/air-force-1-07-premium-mens-shoes-XVPIszaq/IQ3408-286
[2026-06-08 15:22:31] price -> '94.97'
[2026-06-08 15:22:31] Extracting field 'image' from chunk for https://www.nike.com/t/air-force-1-07-premium-mens-shoes-XVPIszaq/IQ3408-286
[2026-06-08 15:22:31] image -> 'https://static.nike.com/a/images/t_default/u_9ddf04c7-2a9a-4d76-add1-d15af8f0263d,c_scale,fl_relative,w_1.0,h_1.0,fl_layer_apply/cd6eed18-3c46-4817-a98d-5b9b22b07df2/AIR+FORCE+1+%2707+PRM.png'
[2026-06-08 15:22:31] Extracting field 'description' from chunk for https://www.nike.com/t/air-force-1-07-premium-mens-shoes-XVPIszaq/IQ3408-286
[2026-06-08 15:22:31] description -> 'Comfortable, durable and timeless—it’s number one for a reason. The Air Force 1 pairs its classic silhouette with textile and leather for a crisp, clean look.'
[2026-06-08 15:22:31] Extracting field 'name' from chunk for https://www.nike.com/t/air-force-1-07-premium-mens-shoes-XVPIszaq/IQ3408-286
[2026-06-08 15:22:31] name -> "Nike Air Force 1 '07 Premium Men's Shoes - Linen/Moon Particle/Mink Brown/Burgundy Crush - Size 11"
[2026-06-08 15:22:31] Extracting field 'price' from chunk for https://www.nike.com/t/air-force-1-07-premium-mens-shoes-XVPIszaq/IQ3408-286
[2026-06-08 15:22:31] price -> '94.97'
[2026-06-08 15:22:31] Extracting field 'image' from chunk for https://www.nike.com/t/air-force-1-07-premium-mens-shoes-XVPIszaq/IQ3408-286
[2026-06-08 15:22:31] image -> 'https://static.nike.com/a/images/t_default/u_9ddf04c7-2a9a-4d76-add1-d15af8f0263d,c_scale,fl_relative,w_1.0,h_1.0,fl_layer_apply/cd6eed18-3c46-4817-a98d-5b9b22b07df2/AIR+FORCE+1+%2707+PRM.png'
[2026-06-08 15:22:31] Extracting field 'description' from chunk for https://www.nike.com/t/air-force-1-07-premium-mens-shoes-XVPIszaq/IQ3408-286
[2026-06-08 15:22:31] description -> 'Comfortable, durable and timeless—it’s number one for a reason. The Air Force 1 pairs its classic silhouette with textile and leather for a crisp, clean look.'
[2026-06-08 15:22:31] Extracting field 'name' from chunk for https://www.nike.com/t/air-force-1-07-premium-mens-shoes-XVPIszaq/IQ3408-286
[2026-06-08 15:22:31] name -> "Nike Air Force 1 '07 Premium Men's Shoes - Linen/Moon Particle/Mink Brown/Burgundy Crush - Size 11.5"
[2026-06-08 15:22:31] Extracting field 'price' from chunk for https://www.nike.com/t/air-force-1-07-premium-mens-shoes-XVPIszaq/IQ3408-286
[2026-06-08 15:22:31] price -> '94.97'
[2026-06-08 15:22:31] Extracting field 'image' from chunk for https://www.nike.com/t/air-force-1-07-premium-mens-shoes-XVPIszaq/IQ3408-286
[2026-06-08 15:22:31] image -> 'https://static.nike.com/a/images/t_default/u_9ddf04c7-2a9a-4d76-add1-d15af8f0263d,c_scale,fl_relative,w_1.0,h_1.0,fl_layer_apply/cd6eed18-3c46-4817-a98d-5b9b22b07df2/AIR+FORCE+1+%2707+PRM.png'
[2026-06-08 15:22:31] Extracting field 'description' from chunk for https://www.nike.com/t/air-force-1-07-premium-mens-shoes-XVPIszaq/IQ3408-286
[2026-06-08 15:22:31] description -> 'Comfortable, durable and timeless—it’s number one for a reason. The Air Force 1 pairs its classic silhouette with textile and leather for a crisp, clean look.'
[2026-06-08 15:22:31] Extracting field 'name' from chunk for https://www.nike.com/t/air-force-1-07-premium-mens-shoes-XVPIszaq/IQ3408-286
[2026-06-08 15:22:31] name -> "Nike Air Force 1 '07 Premium Men's Shoes - Linen/Moon Particle/Mink Brown/Burgundy Crush - Size 12"
[2026-06-08 15:22:31] Extracting field 'price' from chunk for https://www.nike.com/t/air-force-1-07-premium-mens-shoes-XVPIszaq/IQ3408-286
[2026-06-08 15:22:31] price -> '94.97'
[2026-06-08 15:22:31] Extracting field 'image' from chunk for https://www.nike.com/t/air-force-1-07-premium-mens-shoes-XVPIszaq/IQ3408-286
[2026-06-08 15:22:31] image -> 'https://static.nike.com/a/images/t_default/u_9ddf04c7-2a9a-4d76-add1-d15af8f0263d,c_scale,fl_relative,w_1.0,h_1.0,fl_layer_apply/cd6eed18-3c46-4817-a98d-5b9b22b07df2/AIR+FORCE+1+%2707+PRM.png'
[2026-06-08 15:22:31] Extracting field 'description' from chunk for https://www.nike.com/t/air-force-1-07-premium-mens-shoes-XVPIszaq/IQ3408-286
[2026-06-08 15:22:31] description -> 'Comfortable, durable and timeless—it’s number one for a reason. The Air Force 1 pairs its classic silhouette with textile and leather for a crisp, clean look.'
[2026-06-08 15:22:31] Extracting field 'name' from chunk for https://www.nike.com/t/air-force-1-07-premium-mens-shoes-XVPIszaq/IQ3408-286
[2026-06-08 15:22:31] name -> ''
[2026-06-08 15:22:31] Extracting field 'price' from chunk for https://www.nike.com/t/air-force-1-07-premium-mens-shoes-XVPIszaq/IQ3408-286
[2026-06-08 15:22:31] price -> ''
[2026-06-08 15:22:32] Extracting field 'image' from chunk for https://www.nike.com/t/air-force-1-07-premium-mens-shoes-XVPIszaq/IQ3408-286
[2026-06-08 15:22:32] image -> 'image 1 of 8 star, score, rank, review Highly Rated chevron left, back, previous, return chevron right, next, forward, proceed'
[2026-06-08 15:22:32] Extracting field 'description' from chunk for https://www.nike.com/t/air-force-1-07-premium-mens-shoes-XVPIszaq/IQ3408-286
[2026-06-08 15:22:32] description -> ''
[2026-06-08 15:22:32] Extracting field 'name' from chunk for https://www.nike.com/t/air-force-1-07-premium-mens-shoes-XVPIszaq/IQ3408-286
[2026-06-08 15:22:32] name -> "Nike Air Force 1 '07 Premium Men's Shoes"
[2026-06-08 15:22:32] Extracting field 'price' from chunk for https://www.nike.com/t/air-force-1-07-premium-mens-shoes-XVPIszaq/IQ3408-286
[2026-06-08 15:22:32] price -> ''
[2026-06-08 15:22:32] Extracting field 'image' from chunk for https://www.nike.com/t/air-force-1-07-premium-mens-shoes-XVPIszaq/IQ3408-286
[2026-06-08 15:22:32] image -> ''
[2026-06-08 15:22:32] Extracting field 'description' from chunk for https://www.nike.com/t/air-force-1-07-premium-mens-shoes-XVPIszaq/IQ3408-286
[2026-06-08 15:22:32] description -> ''
[2026-06-08 15:22:32] Found 4 missing required fields in https://www.nike.com/t/air-force-1-07-premium-mens-shoes-XVPIszaq/IQ3408-286
[2026-06-08 15:23:05] batch=2 pages_processed=3 max_pages=3 visited=3 queue=851
